股票代码,股票名称,交易所,板块
000001,平安银行,SZ,深市主板
000002,万 科Ａ,SZ,深市主板
000004,国华退,SZ,深市主板
000006,深振业Ａ,SZ,深市主板
000007,全新好,SZ,深市主板
000008,神州高铁,SZ,深市主板
000009,中国宝安,SZ,深市主板
000011,深物业A,SZ,深市主板
000012,南 玻Ａ,SZ,深市主板
000014,沙河股份,SZ,深市主板
000017,深中华A,SZ,深市主板
000019,深粮控股,SZ,深市主板
000020,深华发Ａ,SZ,深市主板
000021,深科技,SZ,深市主板
000025,特 力Ａ,SZ,深市主板
000026,飞亚达,SZ,深市主板
000027,深圳能源,SZ,深市主板
000028,国药一致,SZ,深市主板
000029,深深房Ａ,SZ,深市主板
000030,富奥股份,SZ,深市主板
000031,大悦城,SZ,深市主板
000032,深桑达Ａ,SZ,深市主板
000034,神州数码,SZ,深市主板
000035,中国天楹,SZ,深市主板
000036,华联控股,SZ,深市主板
000037,深南电A,SZ,深市主板
000039,中集集团,SZ,深市主板
000042,中洲控股,SZ,深市主板
000045,深纺织Ａ,SZ,深市主板
000048,京基智农,SZ,深市主板
000049,德赛电池,SZ,深市主板
000050,深天马Ａ,SZ,深市主板
000055,方大集团,SZ,深市主板
000058,深 赛 格,SZ,深市主板
000059,华锦股份,SZ,深市主板
000060,中金岭南,SZ,深市主板
000061,农 产 品,SZ,深市主板
000062,深圳华强,SZ,深市主板
000063,中兴通讯,SZ,深市主板
000065,北方国际,SZ,深市主板
000066,中国长城,SZ,深市主板
000068,华控赛格,SZ,深市主板
000069,华侨城Ａ,SZ,深市主板
000070,特发信息,SZ,深市主板
000088,盐 田 港,SZ,深市主板
000089,深圳机场,SZ,深市主板
000090,天健集团,SZ,深市主板
000096,广聚能源,SZ,深市主板
000099,中信海直,SZ,深市主板
000100,TCL科技,SZ,深市主板
000151,中成股份,SZ,深市主板
000153,丰原药业,SZ,深市主板
000155,川能动力,SZ,深市主板
000156,华数传媒,SZ,深市主板
000157,中联重科,SZ,深市主板
000158,常山北明,SZ,深市主板
000159,国际实业,SZ,深市主板
000166,申万宏源,SZ,深市主板
000301,东方盛虹,SZ,深市主板
000333,美的集团,SZ,深市主板
000338,潍柴动力,SZ,深市主板
000400,许继电气,SZ,深市主板
000401,金隅冀东,SZ,深市主板
000402,金 融 街,SZ,深市主板
000403,派林生物,SZ,深市主板
000404,长虹华意,SZ,深市主板
000407,胜利股份,SZ,深市主板
000408,藏格矿业,SZ,深市主板
000409,云鼎科技,SZ,深市主板
000410,沈阳机床,SZ,深市主板
000411,英特集团,SZ,深市主板
000415,渤海租赁,SZ,深市主板
000417,合百集团,SZ,深市主板
000419,通程控股,SZ,深市主板
000420,吉林化纤,SZ,深市主板
000421,南京公用,SZ,深市主板
000422,湖北宜化,SZ,深市主板
000423,东阿阿胶,SZ,深市主板
000425,徐工机械,SZ,深市主板
000426,兴业银锡,SZ,深市主板
000428,华天酒店,SZ,深市主板
000429,粤高速Ａ,SZ,深市主板
000430,张家界,SZ,深市主板
000498,山东路桥,SZ,深市主板
000501,武商集团,SZ,深市主板
000503,国新健康,SZ,深市主板
000504,南华生物,SZ,深市主板
000505,京粮控股,SZ,深市主板
000506,招金黄金,SZ,深市主板
000507,珠海港,SZ,深市主板
000509,华塑控股,SZ,深市主板
000510,新金路,SZ,深市主板
000513,丽珠集团,SZ,深市主板
000514,渝 开 发,SZ,深市主板
000516,国际医学,SZ,深市主板
000517,荣安地产,SZ,深市主板
000518,四环生物,SZ,深市主板
000519,中兵红箭,SZ,深市主板
000520,凤凰航运,SZ,深市主板
000521,长虹美菱,SZ,深市主板
000523,红棉股份,SZ,深市主板
000524,岭南控股,SZ,深市主板
000525,红太阳,SZ,深市主板
000526,学大教育,SZ,深市主板
000528,柳 工,SZ,深市主板
000529,广弘控股,SZ,深市主板
000530,冰山冷热,SZ,深市主板
000531,穗恒运Ａ,SZ,深市主板
000532,华金资本,SZ,深市主板
000533,顺钠股份,SZ,深市主板
000534,万泽股份,SZ,深市主板
000536,华映科技,SZ,深市主板
000537,绿发电力,SZ,深市主板
000538,云南白药,SZ,深市主板
000539,粤电力Ａ,SZ,深市主板
000541,佛山照明,SZ,深市主板
000543,皖能电力,SZ,深市主板
000544,中原环保,SZ,深市主板
000545,金浦钛业,SZ,深市主板
000546,金圆股份,SZ,深市主板
000547,航天发展,SZ,深市主板
000548,湖南投资,SZ,深市主板
000550,江铃汽车,SZ,深市主板
000551,创元科技,SZ,深市主板
000552,甘肃能化,SZ,深市主板
000553,安道麦A,SZ,深市主板
000554,泰山石油,SZ,深市主板
000555,神州信息,SZ,深市主板
000557,西部创业,SZ,深市主板
000558,天府文旅,SZ,深市主板
000559,万向钱潮,SZ,深市主板
000560,我爱我家,SZ,深市主板
000561,烽火电子,SZ,深市主板
000563,陕国投Ａ,SZ,深市主板
000564,供销大集,SZ,深市主板
000565,渝三峡Ａ,SZ,深市主板
000566,海南海药,SZ,深市主板
000567,海德股份,SZ,深市主板
000568,泸州老窖,SZ,深市主板
000570,苏常柴Ａ,SZ,深市主板
000571,新大洲A,SZ,深市主板
000572,海马汽车,SZ,深市主板
000573,粤宏远Ａ,SZ,深市主板
000576,甘化科工,SZ,深市主板
000581,威孚高科,SZ,深市主板
000582,北部湾港,SZ,深市主板
000586,汇源通信,SZ,深市主板
000589,贵州轮胎,SZ,深市主板
000590,古汉医药,SZ,深市主板
000591,太阳能,SZ,深市主板
000592,平潭发展,SZ,深市主板
000593,德龙汇能,SZ,深市主板
000595,宝塔实业,SZ,深市主板
000596,古井贡酒,SZ,深市主板
000597,东北制药,SZ,深市主板
000598,兴蓉环境,SZ,深市主板
000599,青岛双星,SZ,深市主板
000600,建投能源,SZ,深市主板
000601,韶能股份,SZ,深市主板
000603,盛达资源,SZ,深市主板
000605,渤海股份,SZ,深市主板
000607,华媒控股,SZ,深市主板
000608,阳光股份,SZ,深市主板
000612,焦作万方,SZ,深市主板
000617,中油资本,SZ,深市主板
000619,海螺新材,SZ,深市主板
000620,盈新发展,SZ,深市主板
000623,吉林敖东,SZ,深市主板
000625,长安汽车,SZ,深市主板
000626,远大控股,SZ,深市主板
000628,高新发展,SZ,深市主板
000629,钒钛股份,SZ,深市主板
000630,铜陵有色,SZ,深市主板
000631,顺发恒能,SZ,深市主板
000633,合金投资,SZ,深市主板
000635,英 力 特,SZ,深市主板
000636,风华高科,SZ,深市主板
000637,茂化实华,SZ,深市主板
000650,仁和药业,SZ,深市主板
000651,格力电器,SZ,深市主板
000652,泰达股份,SZ,深市主板
000655,金岭矿业,SZ,深市主板
000656,金科股份,SZ,深市主板
000657,中钨高新,SZ,深市主板
000659,珠海中富,SZ,深市主板
000661,长春高新,SZ,深市主板
000663,永安林业,SZ,深市主板
000665,湖北广电,SZ,深市主板
000668,荣丰控股,SZ,深市主板
000670,盈方微,SZ,深市主板
000672,上峰材料,SZ,深市主板
000676,智度股份,SZ,深市主板
000678,襄阳轴承,SZ,深市主板
000679,大连友谊,SZ,深市主板
000680,山推股份,SZ,深市主板
000681,视觉中国,SZ,深市主板
000682,东方电子,SZ,深市主板
000683,博源化工,SZ,深市主板
000685,中山公用,SZ,深市主板
000686,东北证券,SZ,深市主板
000688,国城矿业,SZ,深市主板
000690,宝新能源,SZ,深市主板
000691,亚太实业,SZ,深市主板
000692,惠天热电,SZ,深市主板
000695,滨海能源,SZ,深市主板
000697,炼石航空,SZ,深市主板
000700,模塑科技,SZ,深市主板
000701,厦门信达,SZ,深市主板
000702,正虹科技,SZ,深市主板
000703,恒逸石化,SZ,深市主板
000705,浙江震元,SZ,深市主板
000707,双环科技,SZ,深市主板
000708,中信特钢,SZ,深市主板
000709,河钢股份,SZ,深市主板
000710,贝瑞基因,SZ,深市主板
000712,锦龙股份,SZ,深市主板
000713,国投丰乐,SZ,深市主板
000715,中兴商业,SZ,深市主板
000716,黑芝麻,SZ,深市主板
000717,中南股份,SZ,深市主板
000718,苏宁环球,SZ,深市主板
000719,中原传媒,SZ,深市主板
000720,新能泰山,SZ,深市主板
000721,西安饮食,SZ,深市主板
000722,湖南发展,SZ,深市主板
000723,美锦能源,SZ,深市主板
000725,京东方Ａ,SZ,深市主板
000726,鲁 泰Ａ,SZ,深市主板
000727,冠捷科技,SZ,深市主板
000728,国元证券,SZ,深市主板
000729,燕京啤酒,SZ,深市主板
000731,四川美丰,SZ,深市主板
000733,振华科技,SZ,深市主板
000735,罗 牛 山,SZ,深市主板
000736,中交发展,SZ,深市主板
000737,北方铜业,SZ,深市主板
000738,航发控制,SZ,深市主板
000739,普洛药业,SZ,深市主板
000750,国海证券,SZ,深市主板
000751,锌业股份,SZ,深市主板
000753,漳州发展,SZ,深市主板
000755,山西高速,SZ,深市主板
000756,新华制药,SZ,深市主板
000757,浩物股份,SZ,深市主板
000758,中色股份,SZ,深市主板
000759,中百集团,SZ,深市主板
000761,本钢板材,SZ,深市主板
000762,西藏矿业,SZ,深市主板
000766,通化金马,SZ,深市主板
000767,晋控电力,SZ,深市主板
000768,中航西飞,SZ,深市主板
000776,广发证券,SZ,深市主板
000777,中核科技,SZ,深市主板
000778,新兴铸管,SZ,深市主板
000779,甘咨询,SZ,深市主板
000782,恒申新材,SZ,深市主板
000783,长江证券,SZ,深市主板
000785,居然智家,SZ,深市主板
000786,北新建材,SZ,深市主板
000788,北大医药,SZ,深市主板
000789,万年青,SZ,深市主板
000790,华神科技,SZ,深市主板
000791,甘肃能源,SZ,深市主板
000792,盐湖股份,SZ,深市主板
000795,英洛华,SZ,深市主板
000796,凯撒旅业,SZ,深市主板
000797,中国武夷,SZ,深市主板
000798,中水渔业,SZ,深市主板
000799,酒鬼酒,SZ,深市主板
000800,一汽解放,SZ,深市主板
000801,四川九洲,SZ,深市主板
000802,北京文化,SZ,深市主板
000803,山高环能,SZ,深市主板
000807,云铝股份,SZ,深市主板
000809,和展能源,SZ,深市主板
000810,创维数字,SZ,深市主板
000811,冰轮环境,SZ,深市主板
000812,陕西金叶,SZ,深市主板
000813,德展健康,SZ,深市主板
000815,美利云,SZ,深市主板
000816,智慧农业,SZ,深市主板
000818,航锦科技,SZ,深市主板
000819,岳阳兴长,SZ,深市主板
000822,山东海化,SZ,深市主板
000823,超声电子,SZ,深市主板
000825,太钢不锈,SZ,深市主板
000828,东莞控股,SZ,深市主板
000829,天音控股,SZ,深市主板
000830,鲁西化工,SZ,深市主板
000831,中国稀土,SZ,深市主板
000833,粤桂股份,SZ,深市主板
000837,秦川机床,SZ,深市主板
000839,国安股份,SZ,深市主板
000848,承德露露,SZ,深市主板
000850,华茂股份,SZ,深市主板
000852,石化机械,SZ,深市主板
000856,冀东装备,SZ,深市主板
000858,五 粮 液,SZ,深市主板
000859,国风新材,SZ,深市主板
000860,顺鑫农业,SZ,深市主板
000862,银星能源,SZ,深市主板
000863,三湘印象,SZ,深市主板
000868,安凯客车,SZ,深市主板
000869,张 裕Ａ,SZ,深市主板
000875,电投绿能,SZ,深市主板
000876,新 希 望,SZ,深市主板
000877,天山股份,SZ,深市主板
000878,云南铜业,SZ,深市主板
000880,潍柴重机,SZ,深市主板
000881,中广核技,SZ,深市主板
000882,华联股份,SZ,深市主板
000883,湖北能源,SZ,深市主板
000885,城发环境,SZ,深市主板
000886,海南高速,SZ,深市主板
000887,中鼎股份,SZ,深市主板
000888,峨眉山Ａ,SZ,深市主板
000889,中嘉博创,SZ,深市主板
000890,法尔胜,SZ,深市主板
000892,欢瑞世纪,SZ,深市主板
000893,亚钾国际,SZ,深市主板
000895,双汇发展,SZ,深市主板
000897,津滨发展,SZ,深市主板
000898,鞍钢股份,SZ,深市主板
000899,赣能股份,SZ,深市主板
000900,现代投资,SZ,深市主板
000901,航天科技,SZ,深市主板
000902,新洋丰,SZ,深市主板
000905,厦门港务,SZ,深市主板
000906,浙商中拓,SZ,深市主板
000908,石药景峰,SZ,深市主板
000910,大亚圣象,SZ,深市主板
000912,泸天化,SZ,深市主板
000913,钱江摩托,SZ,深市主板
000915,华特达因,SZ,深市主板
000917,电广传媒,SZ,深市主板
000919,金陵药业,SZ,深市主板
000920,沃顿科技,SZ,深市主板
000921,海信家电,SZ,深市主板
000922,佳电股份,SZ,深市主板
000923,河钢资源,SZ,深市主板
000925,众合科技,SZ,深市主板
000926,福星股份,SZ,深市主板
000927,中国铁物,SZ,深市主板
000928,中钢国际,SZ,深市主板
000929,兰州黄河,SZ,深市主板
000930,中粮科技,SZ,深市主板
000931,中 关 村,SZ,深市主板
000932,华菱钢铁,SZ,深市主板
000933,神火股份,SZ,深市主板
000935,四川双马,SZ,深市主板
000936,华西股份,SZ,深市主板
000937,冀中能源,SZ,深市主板
000938,紫光股份,SZ,深市主板
000948,南天信息,SZ,深市主板
000949,新乡化纤,SZ,深市主板
000950,重药控股,SZ,深市主板
000951,中国重汽,SZ,深市主板
000952,广济药业,SZ,深市主板
000953,中哲精化,SZ,深市主板
000955,欣龙控股,SZ,深市主板
000957,中通客车,SZ,深市主板
000958,电投产融,SZ,深市主板
000959,首钢股份,SZ,深市主板
000960,锡业股份,SZ,深市主板
000962,东方钽业,SZ,深市主板
000963,华东医药,SZ,深市主板
000965,天保基建,SZ,深市主板
000966,长源电力,SZ,深市主板
000967,盈峰环境,SZ,深市主板
000968,蓝焰控股,SZ,深市主板
000969,安泰科技,SZ,深市主板
000970,中科三环,SZ,深市主板
000972,中基健康,SZ,深市主板
000973,佛塑科技,SZ,深市主板
000975,山金国际,SZ,深市主板
000977,浪潮信息,SZ,深市主板
000978,桂林旅游,SZ,深市主板
000980,众泰汽车,SZ,深市主板
000981,山子高科,SZ,深市主板
000983,山西焦煤,SZ,深市主板
000985,大庆华科,SZ,深市主板
000987,越秀资本,SZ,深市主板
000988,华工科技,SZ,深市主板
000989,九芝堂,SZ,深市主板
000990,诚志股份,SZ,深市主板
000993,闽东电力,SZ,深市主板
000995,皇台酒业,SZ,深市主板
000997,新 大 陆,SZ,深市主板
000998,隆平高科,SZ,深市主板
000999,华润三九,SZ,深市主板
001201,东瑞股份,SZ,深市主板
001202,炬申股份,SZ,深市主板
001203,大中矿业,SZ,深市主板
001205,盛航股份,SZ,深市主板
001206,依依股份,SZ,深市主板
001207,联科科技,SZ,深市主板
001208,华菱线缆,SZ,深市主板
001209,洪兴股份,SZ,深市主板
001210,金房能源,SZ,深市主板
001211,双枪科技,SZ,深市主板
001212,中旗新材,SZ,深市主板
001213,中铁特货,SZ,深市主板
001215,千味央厨,SZ,深市主板
001216,华瓷股份,SZ,深市主板
001217,华尔泰,SZ,深市主板
001218,丽臣实业,SZ,深市主板
001219,青岛食品,SZ,深市主板
001220,世盟股份,SZ,深市主板
001221,悍高集团,SZ,深市主板
001222,源飞宠物,SZ,深市主板
001223,欧克科技,SZ,深市主板
001225,和泰机电,SZ,深市主板
001226,拓山重工,SZ,深市主板
001227,兰州银行,SZ,深市主板
001228,永泰运,SZ,深市主板
001229,魅视科技,SZ,深市主板
001230,劲旅环境,SZ,深市主板
001231,农心科技,SZ,深市主板
001233,海安集团,SZ,深市主板
001234,泰慕士,SZ,深市主板
001236,弘业期货,SZ,深市主板
001237,惠康科技,SZ,深市主板
001238,浙江正特,SZ,深市主板
001239,永达股份,SZ,深市主板
001248,C华润,SZ,深市主板
001255,博菲电气,SZ,深市主板
001256,炜冈科技,SZ,深市主板
001257,盛龙股份,SZ,深市主板
001258,立新能源,SZ,深市主板
001259,利仁科技,SZ,深市主板
001260,坤泰股份,SZ,深市主板
001266,宏英智能,SZ,深市主板
001267,汇绿生态,SZ,深市主板
001268,联合精密,SZ,深市主板
001269,欧晶科技,SZ,深市主板
001270,铖昌科技,SZ,深市主板
001277,速达股份,SZ,深市主板
001278,一彬科技,SZ,深市主板
001279,强邦新材,SZ,深市主板
001280,中国铀业,SZ,深市主板
001282,三联锻造,SZ,深市主板
001283,豪鹏科技,SZ,深市主板
001285,瑞立科密,SZ,深市主板
001286,陕西能源,SZ,深市主板
001287,中电港,SZ,深市主板
001288,运机集团,SZ,深市主板
001289,龙源电力,SZ,深市主板
001296,长江材料,SZ,深市主板
001298,好上好,SZ,深市主板
001299,美能能源,SZ,深市主板
001300,三柏硕,SZ,深市主板
001301,尚太科技,SZ,深市主板
001306,夏厦精密,SZ,深市主板
001308,康冠科技,SZ,深市主板
001309,德明利,SZ,深市主板
001311,多利科技,SZ,深市主板
001312,福恩股份,SZ,深市主板
001313,粤海饲料,SZ,深市主板
001314,亿道信息,SZ,深市主板
001316,润贝航科,SZ,深市主板
001317,三羊马,SZ,深市主板
001318,阳光乳业,SZ,深市主板
001319,铭科精技,SZ,深市主板
001322,箭牌家居,SZ,深市主板
001323,慕思股份,SZ,深市主板
001324,长青科技,SZ,深市主板
001325,元创股份,SZ,深市主板
001326,联域股份,SZ,深市主板
001328,登康口腔,SZ,深市主板
001330,博纳影业,SZ,深市主板
001331,胜通能源,SZ,深市主板
001332,锡装股份,SZ,深市主板
001333,光华股份,SZ,深市主板
001335,信凯科技,SZ,深市主板
001336,楚环科技,SZ,深市主板
001337,四川黄金,SZ,深市主板
001338,永顺泰,SZ,深市主板
001339,智微智能,SZ,深市主板
001356,富岭股份,SZ,深市主板
001358,兴欣新材,SZ,深市主板
001359,平安电工,SZ,深市主板
001360,南矿集团,SZ,深市主板
001365,天海电子,SZ,深市主板
001366,播恩集团,SZ,深市主板
001367,海森药业,SZ,深市主板
001368,通达创智,SZ,深市主板
001369,双欣材料,SZ,深市主板
001373,翔腾新材,SZ,深市主板
001376,百通能源,SZ,深市主板
001378,德冠新材,SZ,深市主板
001379,腾达科技,SZ,深市主板
001380,华纬科技,SZ,深市主板
001382,新亚电缆,SZ,深市主板
001386,马可波罗,SZ,深市主板
001387,雪祺电气,SZ,深市主板
001388,信通电子,SZ,深市主板
001389,广合科技,SZ,深市主板
001390,古麒绒材,SZ,深市主板
001391,国货航,SZ,深市主板
001393,维通利,SZ,深市主板
001395,亚联机械,SZ,深市主板
001396,誉帆科技,SZ,深市主板
001399,惠科股份,SZ,深市主板
001400,江顺科技,SZ,深市主板
001696,宗申动力,SZ,深市主板
001872,招商港口,SZ,深市主板
001896,豫能控股,SZ,深市主板
001914,招商积余,SZ,深市主板
001965,招商公路,SZ,深市主板
001979,招商蛇口,SZ,深市主板
002001,新 和 成,SZ,深市中小板
002003,伟星股份,SZ,深市中小板
002004,华邦健康,SZ,深市中小板
002006,精工科技,SZ,深市中小板
002007,华兰生物,SZ,深市中小板
002008,大族激光,SZ,深市中小板
002009,天奇股份,SZ,深市中小板
002010,传化智联,SZ,深市中小板
002011,盾安环境,SZ,深市中小板
002012,凯恩股份,SZ,深市中小板
002014,永新股份,SZ,深市中小板
002015,协鑫能科,SZ,深市中小板
002016,世荣兆业,SZ,深市中小板
002017,东信和平,SZ,深市中小板
002019,亿帆医药,SZ,深市中小板
002020,京新药业,SZ,深市中小板
002021,中捷资源,SZ,深市中小板
002022,科华生物,SZ,深市中小板
002023,海特高新,SZ,深市中小板
002025,航天电器,SZ,深市中小板
002026,山东威达,SZ,深市中小板
002027,分众传媒,SZ,深市中小板
002028,思源电气,SZ,深市中小板
002029,七 匹 狼,SZ,深市中小板
002030,达安基因,SZ,深市中小板
002031,巨轮智能,SZ,深市中小板
002032,苏 泊 尔,SZ,深市中小板
002033,丽江股份,SZ,深市中小板
002034,旺能环境,SZ,深市中小板
002035,华帝股份,SZ,深市中小板
002036,联创电子,SZ,深市中小板
002037,保利联合,SZ,深市中小板
002038,双鹭药业,SZ,深市中小板
002039,黔源电力,SZ,深市中小板
002040,南 京 港,SZ,深市中小板
002041,登海种业,SZ,深市中小板
002042,华孚时尚,SZ,深市中小板
002043,兔 宝 宝,SZ,深市中小板
002044,美年健康,SZ,深市中小板
002045,国光电器,SZ,深市中小板
002046,国机精工,SZ,深市中小板
002047,宝鹰股份,SZ,深市中小板
002048,宁波华翔,SZ,深市中小板
002049,紫光国微,SZ,深市中小板
002050,三花智控,SZ,深市中小板
002051,中工国际,SZ,深市中小板
002052,同洲电子,SZ,深市中小板
002053,云南能投,SZ,深市中小板
002054,德美化工,SZ,深市中小板
002056,横店东磁,SZ,深市中小板
002057,中钢天源,SZ,深市中小板
002058,威尔泰,SZ,深市中小板
002059,云南旅游,SZ,深市中小板
002060,广东建工,SZ,深市中小板
002061,浙江交科,SZ,深市中小板
002062,宏润建设,SZ,深市中小板
002063,远光软件,SZ,深市中小板
002064,华峰化学,SZ,深市中小板
002065,东华软件,SZ,深市中小板
002066,瑞泰科技,SZ,深市中小板
002067,景兴纸业,SZ,深市中小板
002068,黑猫股份,SZ,深市中小板
002069,獐子岛,SZ,深市中小板
002072,凯瑞德,SZ,深市中小板
002073,软控股份,SZ,深市中小板
002074,国轩高科,SZ,深市中小板
002075,沙钢股份,SZ,深市中小板
002076,星光股份,SZ,深市中小板
002077,大港股份,SZ,深市中小板
002078,太阳纸业,SZ,深市中小板
002079,苏州固锝,SZ,深市中小板
002080,中材科技,SZ,深市中小板
002081,金 螳 螂,SZ,深市中小板
002083,孚日股份,SZ,深市中小板
002084,海鸥住工,SZ,深市中小板
002085,万丰奥威,SZ,深市中小板
002086,东方海洋,SZ,深市中小板
002088,鲁阳节能,SZ,深市中小板
002090,金智科技,SZ,深市中小板
002091,江苏国泰,SZ,深市中小板
002092,中泰化学,SZ,深市中小板
002093,国脉科技,SZ,深市中小板
002094,青岛金王,SZ,深市中小板
002095,生 意 宝,SZ,深市中小板
002096,易普力,SZ,深市中小板
002097,山河智能,SZ,深市中小板
002098,浔兴股份,SZ,深市中小板
002099,海翔药业,SZ,深市中小板
002100,天康生物,SZ,深市中小板
002101,广东鸿图,SZ,深市中小板
002103,广博股份,SZ,深市中小板
002104,恒宝股份,SZ,深市中小板
002105,信隆健康,SZ,深市中小板
002106,莱宝高科,SZ,深市中小板
002107,沃华医药,SZ,深市中小板
002108,沧州明珠,SZ,深市中小板
002110,三钢闽光,SZ,深市中小板
002111,威海广泰,SZ,深市中小板
002112,三变科技,SZ,深市中小板
002114,罗平锌电,SZ,深市中小板
002115,三维通信,SZ,深市中小板
002116,中国海诚,SZ,深市中小板
002117,东港股份,SZ,深市中小板
002119,康强电子,SZ,深市中小板
002120,韵达股份,SZ,深市中小板
002121,科陆电子,SZ,深市中小板
002123,梦网科技,SZ,深市中小板
002124,天邦食品,SZ,深市中小板
002125,湘潭电化,SZ,深市中小板
002126,银轮股份,SZ,深市中小板
002127,南极电商,SZ,深市中小板
002128,电投能源,SZ,深市中小板
002129,TCL中环,SZ,深市中小板
002130,沃尔核材,SZ,深市中小板
002131,利欧股份,SZ,深市中小板
002132,恒星科技,SZ,深市中小板
002133,广宇集团,SZ,深市中小板
002134,天津普林,SZ,深市中小板
002135,东南网架,SZ,深市中小板
002136,安 纳 达,SZ,深市中小板
002137,实益达,SZ,深市中小板
002138,顺络电子,SZ,深市中小板
002139,拓邦股份,SZ,深市中小板
002140,东华科技,SZ,深市中小板
002141,贤丰控股,SZ,深市中小板
002142,宁波银行,SZ,深市中小板
002144,宏达高科,SZ,深市中小板
002145,钛能化学,SZ,深市中小板
002146,荣盛发展,SZ,深市中小板
002148,北纬科技,SZ,深市中小板
002149,西部材料,SZ,深市中小板
002150,正泰电源,SZ,深市中小板
002151,北斗星通,SZ,深市中小板
002152,广电运通,SZ,深市中小板
002153,石基信息,SZ,深市中小板
002154,报 喜 鸟,SZ,深市中小板
002155,湖南黄金,SZ,深市中小板
002156,通富微电,SZ,深市中小板
002157,正邦科技,SZ,深市中小板
002158,汉钟精机,SZ,深市中小板
002159,三特索道,SZ,深市中小板
002160,常铝股份,SZ,深市中小板
002161,远 望 谷,SZ,深市中小板
002162,悦心健康,SZ,深市中小板
002163,海南发展,SZ,深市中小板
002164,宁波东力,SZ,深市中小板
002165,红 宝 丽,SZ,深市中小板
002166,莱茵生物,SZ,深市中小板
002167,东方锆业,SZ,深市中小板
002169,智光电气,SZ,深市中小板
002170,芭田股份,SZ,深市中小板
002171,楚江新材,SZ,深市中小板
002172,澳洋健康,SZ,深市中小板
002173,创新医疗,SZ,深市中小板
002174,游族网络,SZ,深市中小板
002176,江特电机,SZ,深市中小板
002177,御银股份,SZ,深市中小板
002178,延华智能,SZ,深市中小板
002179,中航光电,SZ,深市中小板
002180,奔图科技,SZ,深市中小板
002181,粤 传 媒,SZ,深市中小板
002182,宝武镁业,SZ,深市中小板
002183,怡 亚 通,SZ,深市中小板
002184,海得控制,SZ,深市中小板
002185,华天科技,SZ,深市中小板
002186,全 聚 德,SZ,深市中小板
002187,广百股份,SZ,深市中小板
002188,中天服务,SZ,深市中小板
002189,中光学,SZ,深市中小板
002190,成飞集成,SZ,深市中小板
002191,劲嘉股份,SZ,深市中小板
002192,融捷股份,SZ,深市中小板
002194,武汉凡谷,SZ,深市中小板
002195,岩山科技,SZ,深市中小板
002196,方正电机,SZ,深市中小板
002197,证通电子,SZ,深市中小板
002200,交投生态,SZ,深市中小板
002201,九鼎新材,SZ,深市中小板
002202,金风科技,SZ,深市中小板
002203,海亮股份,SZ,深市中小板
002204,大连重工,SZ,深市中小板
002205,国统股份,SZ,深市中小板
002206,海 利 得,SZ,深市中小板
002208,合肥城建,SZ,深市中小板
002209,达 意 隆,SZ,深市中小板
002210,飞马国际,SZ,深市中小板
002212,天融信,SZ,深市中小板
002213,大为股份,SZ,深市中小板
002215,诺 普 信,SZ,深市中小板
002216,三全食品,SZ,深市中小板
002218,拓日新能,SZ,深市中小板
002219,新里程,SZ,深市中小板
002221,东华能源,SZ,深市中小板
002222,福晶科技,SZ,深市中小板
002223,鱼跃医疗,SZ,深市中小板
002224,三 力 士,SZ,深市中小板
002225,濮耐股份,SZ,深市中小板
002226,江南化工,SZ,深市中小板
002228,合兴包装,SZ,深市中小板
002229,鸿博股份,SZ,深市中小板
002230,科大讯飞,SZ,深市中小板
002232,启明信息,SZ,深市中小板
002233,塔牌集团,SZ,深市中小板
002234,民和股份,SZ,深市中小板
002235,安妮股份,SZ,深市中小板
002236,大华股份,SZ,深市中小板
002237,恒邦股份,SZ,深市中小板
002238,天威视讯,SZ,深市中小板
002239,奥特佳,SZ,深市中小板
002240,盛新锂能,SZ,深市中小板
002241,歌尔股份,SZ,深市中小板
002242,九阳股份,SZ,深市中小板
002243,力合科创,SZ,深市中小板
002244,滨江集团,SZ,深市中小板
002245,蔚蓝锂芯,SZ,深市中小板
002246,北化股份,SZ,深市中小板
002247,聚力文化,SZ,深市中小板
002248,华东数控,SZ,深市中小板
002249,大洋电机,SZ,深市中小板
002250,联化科技,SZ,深市中小板
002251,步步高,SZ,深市中小板
002252,上海莱士,SZ,深市中小板
002253,川大智胜,SZ,深市中小板
002254,泰和新材,SZ,深市中小板
002255,海陆重工,SZ,深市中小板
002256,兆新股份,SZ,深市中小板
002258,利尔化学,SZ,深市中小板
002259,升达林业,SZ,深市中小板
002261,拓维信息,SZ,深市中小板
002262,恩华药业,SZ,深市中小板
002263,大东南,SZ,深市中小板
002264,新 华 都,SZ,深市中小板
002265,建设工业,SZ,深市中小板
002266,浙富控股,SZ,深市中小板
002267,陕天然气,SZ,深市中小板
002268,电科网安,SZ,深市中小板
002269,美邦服饰,SZ,深市中小板
002270,华明装备,SZ,深市中小板
002271,东方雨虹,SZ,深市中小板
002272,川润股份,SZ,深市中小板
002273,水晶光电,SZ,深市中小板
002274,华昌化工,SZ,深市中小板
002275,桂林三金,SZ,深市中小板
002276,万马股份,SZ,深市中小板
002277,友阿股份,SZ,深市中小板
002278,神开股份,SZ,深市中小板
002279,久其软件,SZ,深市中小板
002281,光迅科技,SZ,深市中小板
002282,博深股份,SZ,深市中小板
002283,天润工业,SZ,深市中小板
002284,亚太股份,SZ,深市中小板
002285,世联行,SZ,深市中小板
002286,保龄宝,SZ,深市中小板
002287,奇正藏药,SZ,深市中小板
002289,宇顺电子,SZ,深市中小板
002290,禾盛新材,SZ,深市中小板
002291,遥望科技,SZ,深市中小板
002292,奥飞娱乐,SZ,深市中小板
002293,罗莱生活,SZ,深市中小板
002294,信立泰,SZ,深市中小板
002295,精艺股份,SZ,深市中小板
002296,辉煌科技,SZ,深市中小板
002297,博云新材,SZ,深市中小板
002298,中电鑫龙,SZ,深市中小板
002299,圣农发展,SZ,深市中小板
002300,太阳电缆,SZ,深市中小板
002301,齐心集团,SZ,深市中小板
002302,西部建设,SZ,深市中小板
002303,美盈森,SZ,深市中小板
002304,洋河股份,SZ,深市中小板
002307,北新路桥,SZ,深市中小板
002309,中利集团,SZ,深市中小板
002310,东方新能,SZ,深市中小板
002311,海大集团,SZ,深市中小板
002312,川发龙蟒,SZ,深市中小板
002313,日海智能,SZ,深市中小板
002314,南山控股,SZ,深市中小板
002315,焦点科技,SZ,深市中小板
002316,亚联发展,SZ,深市中小板
002317,众生药业,SZ,深市中小板
002318,久立特材,SZ,深市中小板
002319,乐通股份,SZ,深市中小板
002320,海峡股份,SZ,深市中小板
002321,华英农业,SZ,深市中小板
002322,理工能科,SZ,深市中小板
002324,普利特,SZ,深市中小板
002326,永太科技,SZ,深市中小板
002327,富安娜,SZ,深市中小板
002328,新朋股份,SZ,深市中小板
002329,皇氏集团,SZ,深市中小板
002330,得利斯,SZ,深市中小板
002331,皖通科技,SZ,深市中小板
002332,仙琚制药,SZ,深市中小板
002333,罗普斯金,SZ,深市中小板
002334,英威腾,SZ,深市中小板
002335,科华数据,SZ,深市中小板
002337,赛象科技,SZ,深市中小板
002338,奥普光电,SZ,深市中小板
002339,积成电子,SZ,深市中小板
002340,格林美,SZ,深市中小板
002342,巨力索具,SZ,深市中小板
002343,慈文传媒,SZ,深市中小板
002344,海宁皮城,SZ,深市中小板
002345,潮宏基,SZ,深市中小板
002346,柘中股份,SZ,深市中小板
002347,泰尔股份,SZ,深市中小板
002348,高乐股份,SZ,深市中小板
002349,精华制药,SZ,深市中小板
002350,北京科锐,SZ,深市中小板
002351,漫步者,SZ,深市中小板
002352,顺丰控股,SZ,深市中小板
002353,杰瑞股份,SZ,深市中小板
002354,天娱数科,SZ,深市中小板
002355,兴民智通,SZ,深市中小板
002356,赫美集团,SZ,深市中小板
002357,富临运业,SZ,深市中小板
002358,森源电气,SZ,深市中小板
002361,神剑股份,SZ,深市中小板
002362,汉王科技,SZ,深市中小板
002363,隆基机械,SZ,深市中小板
002364,中恒电气,SZ,深市中小板
002365,永安药业,SZ,深市中小板
002366,融发核电,SZ,深市中小板
002367,康力电梯,SZ,深市中小板
002368,太极股份,SZ,深市中小板
002369,卓翼科技,SZ,深市中小板
002370,亚太药业,SZ,深市中小板
002371,北方华创,SZ,深市中小板
002372,伟星新材,SZ,深市中小板
002373,千方科技,SZ,深市中小板
002374,中锐股份,SZ,深市中小板
002375,亚厦股份,SZ,深市中小板
002376,新北洋,SZ,深市中小板
002377,国创高新,SZ,深市中小板
002378,章源钨业,SZ,深市中小板
002379,宏桥控股,SZ,深市中小板
002380,科远智慧,SZ,深市中小板
002381,双箭股份,SZ,深市中小板
002382,蓝帆医疗,SZ,深市中小板
002383,合众思壮,SZ,深市中小板
002384,东山精密,SZ,深市中小板
002385,大北农,SZ,深市中小板
002386,天原股份,SZ,深市中小板
002387,维信诺,SZ,深市中小板
002388,新亚制程,SZ,深市中小板
002389,航天彩虹,SZ,深市中小板
002390,信邦制药,SZ,深市中小板
002391,长青股份,SZ,深市中小板
002392,北京利尔,SZ,深市中小板
002393,力生制药,SZ,深市中小板
002394,联发股份,SZ,深市中小板
002395,双象股份,SZ,深市中小板
002396,星网锐捷,SZ,深市中小板
002397,梦洁股份,SZ,深市中小板
002398,垒知集团,SZ,深市中小板
002399,海普瑞,SZ,深市中小板
002400,省广集团,SZ,深市中小板
002401,中远海科,SZ,深市中小板
002402,和而泰,SZ,深市中小板
002403,爱仕达,SZ,深市中小板
002404,嘉欣丝绸,SZ,深市中小板
002405,四维图新,SZ,深市中小板
002406,远东传动,SZ,深市中小板
002407,多氟多,SZ,深市中小板
002408,齐翔腾达,SZ,深市中小板
002409,雅克科技,SZ,深市中小板
002410,广联达,SZ,深市中小板
002412,汉森制药,SZ,深市中小板
002413,雷科防务,SZ,深市中小板
002414,高德红外,SZ,深市中小板
002415,海康威视,SZ,深市中小板
002416,爱施德,SZ,深市中小板
002418,康盛股份,SZ,深市中小板
002419,天虹股份,SZ,深市中小板
002420,毅昌科技,SZ,深市中小板
002421,达实智能,SZ,深市中小板
002422,科伦药业,SZ,深市中小板
002423,中粮资本,SZ,深市中小板
002425,凯撒文化,SZ,深市中小板
002426,胜利精密,SZ,深市中小板
002427,尤夫股份,SZ,深市中小板
002428,云南锗业,SZ,深市中小板
002429,兆驰股份,SZ,深市中小板
002430,杭氧股份,SZ,深市中小板
002432,九安医疗,SZ,深市中小板
002434,万里扬,SZ,深市中小板
002436,兴森科技,SZ,深市中小板
002437,誉衡药业,SZ,深市中小板
002438,江苏神通,SZ,深市中小板
002439,启明星辰,SZ,深市中小板
002440,闰土股份,SZ,深市中小板
002441,众业达,SZ,深市中小板
002442,龙星科技,SZ,深市中小板
002443,金洲管道,SZ,深市中小板
002444,巨星科技,SZ,深市中小板
002445,中南文化,SZ,深市中小板
002446,盛路通信,SZ,深市中小板
002448,中原内配,SZ,深市中小板
002449,国星光电,SZ,深市中小板
002451,摩恩电气,SZ,深市中小板
002452,长高电气,SZ,深市中小板
002453,华软科技,SZ,深市中小板
002454,松芝股份,SZ,深市中小板
002455,百川股份,SZ,深市中小板
002456,欧菲光,SZ,深市中小板
002457,青龙管业,SZ,深市中小板
002458,益生股份,SZ,深市中小板
002459,晶澳科技,SZ,深市中小板
002460,赣锋锂业,SZ,深市中小板
002461,珠江啤酒,SZ,深市中小板
002462,嘉事堂,SZ,深市中小板
002463,沪电股份,SZ,深市中小板
002465,海格通信,SZ,深市中小板
002466,天齐锂业,SZ,深市中小板
002467,二六三,SZ,深市中小板
002468,申通快递,SZ,深市中小板
002469,三维化学,SZ,深市中小板
002470,金正大,SZ,深市中小板
002471,中超控股,SZ,深市中小板
002472,双环传动,SZ,深市中小板
002474,榕基软件,SZ,深市中小板
002475,立讯精密,SZ,深市中小板
002476,新叶股份,SZ,深市中小板
002478,常宝股份,SZ,深市中小板
002479,富春环保,SZ,深市中小板
002480,新筑股份,SZ,深市中小板
002481,双塔食品,SZ,深市中小板
002482,广田集团,SZ,深市中小板
002483,润邦股份,SZ,深市中小板
002484,江海股份,SZ,深市中小板
002486,嘉麟杰,SZ,深市中小板
002487,大金重工,SZ,深市中小板
002488,金固股份,SZ,深市中小板
002489,浙江永强,SZ,深市中小板
002490,山东墨龙,SZ,深市中小板
002491,通鼎互联,SZ,深市中小板
002492,恒基达鑫,SZ,深市中小板
002493,荣盛石化,SZ,深市中小板
002494,华斯股份,SZ,深市中小板
002495,佳隆股份,SZ,深市中小板
002496,辉丰股份,SZ,深市中小板
002497,雅化集团,SZ,深市中小板
002498,汉缆股份,SZ,深市中小板
002500,山西证券,SZ,深市中小板
002506,协鑫集成,SZ,深市中小板
002507,涪陵榨菜,SZ,深市中小板
002508,老板电器,SZ,深市中小板
002510,天汽模,SZ,深市中小板
002511,中顺洁柔,SZ,深市中小板
002513,蓝丰生化,SZ,深市中小板
002515,金字火腿,SZ,深市中小板
002516,旷达科技,SZ,深市中小板
002517,恺英网络,SZ,深市中小板
002518,科士达,SZ,深市中小板
002519,银河电子,SZ,深市中小板
002520,日发精机,SZ,深市中小板
002521,齐峰新材,SZ,深市中小板
002522,浙江众成,SZ,深市中小板
002523,天桥起重,SZ,深市中小板
002524,光正眼科,SZ,深市中小板
002526,山东矿机,SZ,深市中小板
002527,新时达,SZ,深市中小板
002529,海源复材,SZ,深市中小板
002530,金财互联,SZ,深市中小板
002531,天顺风能,SZ,深市中小板
002532,天山铝业,SZ,深市中小板
002533,金杯电工,SZ,深市中小板
002534,西子洁能,SZ,深市中小板
002535,林州重机,SZ,深市中小板
002536,飞龙股份,SZ,深市中小板
002537,海联金汇,SZ,深市中小板
002539,云图控股,SZ,深市中小板
002540,亚太科技,SZ,深市中小板
002541,鸿路钢构,SZ,深市中小板
002543,万和电气,SZ,深市中小板
002544,普天科技,SZ,深市中小板
002545,东方铁塔,SZ,深市中小板
002546,新联电子,SZ,深市中小板
002548,金新农,SZ,深市中小板
002549,凯美特气,SZ,深市中小板
002550,千红制药,SZ,深市中小板
002551,尚荣医疗,SZ,深市中小板
002552,宝鼎科技,SZ,深市中小板
002553,南方精工,SZ,深市中小板
002554,惠博普,SZ,深市中小板
002555,三七互娱,SZ,深市中小板
002556,辉隆股份,SZ,深市中小板
002557,洽洽食品,SZ,深市中小板
002558,巨人网络,SZ,深市中小板
002559,亚威股份,SZ,深市中小板
002560,通达股份,SZ,深市中小板
002561,徐家汇,SZ,深市中小板
002562,兄弟科技,SZ,深市中小板
002563,森马服饰,SZ,深市中小板
002564,天沃科技,SZ,深市中小板
002565,顺灏股份,SZ,深市中小板
002566,益盛药业,SZ,深市中小板
002567,唐人神,SZ,深市中小板
002568,百润股份,SZ,深市中小板
002570,贝因美,SZ,深市中小板
002571,德力股份,SZ,深市中小板
002572,索菲亚,SZ,深市中小板
002573,清新环境,SZ,深市中小板
002574,明牌珠宝,SZ,深市中小板
002575,群兴玩具,SZ,深市中小板
002576,通达动力,SZ,深市中小板
002577,雷柏科技,SZ,深市中小板
002578,闽发铝业,SZ,深市中小板
002579,中京电子,SZ,深市中小板
002580,圣阳股份,SZ,深市中小板
002582,好想你,SZ,深市中小板
002583,海能达,SZ,深市中小板
002584,西陇科学,SZ,深市中小板
002585,双星新材,SZ,深市中小板
002587,奥拓电子,SZ,深市中小板
002588,史丹利,SZ,深市中小板
002589,瑞康医药,SZ,深市中小板
002590,万安科技,SZ,深市中小板
002591,恒大高新,SZ,深市中小板
002593,日上集团,SZ,深市中小板
002594,比亚迪,SZ,深市中小板
002595,豪迈科技,SZ,深市中小板
002596,海南瑞泽,SZ,深市中小板
002597,金禾实业,SZ,深市中小板
002599,盛通股份,SZ,深市中小板
002600,领益智造,SZ,深市中小板
002601,龙佰集团,SZ,深市中小板
002602,世纪华通,SZ,深市中小板
002603,以岭药业,SZ,深市中小板
002605,姚记科技,SZ,深市中小板
002606,大连电瓷,SZ,深市中小板
002607,中公教育,SZ,深市中小板
002608,江苏国信,SZ,深市中小板
002609,捷顺科技,SZ,深市中小板
002611,东方精工,SZ,深市中小板
002612,朗姿股份,SZ,深市中小板
002613,北玻股份,SZ,深市中小板
002614,奥佳华,SZ,深市中小板
002615,哈尔斯,SZ,深市中小板
002616,长青集团,SZ,深市中小板
002617,露笑科技,SZ,深市中小板
002622,皓宸医疗,SZ,深市中小板
002623,亚玛顿,SZ,深市中小板
002624,完美世界,SZ,深市中小板
002625,光启技术,SZ,深市中小板
002626,金达威,SZ,深市中小板
002627,三峡旅游,SZ,深市中小板
002628,成都路桥,SZ,深市中小板
002629,仁智股份,SZ,深市中小板
002631,德尔未来,SZ,深市中小板
002632,道明光学,SZ,深市中小板
002633,申科股份,SZ,深市中小板
002635,安洁科技,SZ,深市中小板
002636,金安国纪,SZ,深市中小板
002637,赞宇科技,SZ,深市中小板
002638,勤上股份,SZ,深市中小板
002639,雪人集团,SZ,深市中小板
002640,跨境通,SZ,深市中小板
002641,公元股份,SZ,深市中小板
002642,荣联科技,SZ,深市中小板
002643,万润股份,SZ,深市中小板
002644,佛慈制药,SZ,深市中小板
002645,华宏科技,SZ,深市中小板
002646,天佑德酒,SZ,深市中小板
002647,仁东控股,SZ,深市中小板
002648,卫星化学,SZ,深市中小板
002649,博彦科技,SZ,深市中小板
002651,利君股份,SZ,深市中小板
002652,扬子新材,SZ,深市中小板
002653,海思科,SZ,深市中小板
002654,万润科技,SZ,深市中小板
002655,共达电声,SZ,深市中小板
002657,中科金财,SZ,深市中小板
002658,雪迪龙,SZ,深市中小板
002659,凯文教育,SZ,深市中小板
002660,茂硕电源,SZ,深市中小板
002661,克明食品,SZ,深市中小板
002662,峰璟股份,SZ,深市中小板
002663,普邦股份,SZ,深市中小板
002664,信质集团,SZ,深市中小板
002666,德联集团,SZ,深市中小板
002668,TCL智家,SZ,深市中小板
002669,康达新材,SZ,深市中小板
002670,国盛证券,SZ,深市中小板
002671,龙泉股份,SZ,深市中小板
002672,东江环保,SZ,深市中小板
002673,西部证券,SZ,深市中小板
002674,兴业科技,SZ,深市中小板
002675,东诚药业,SZ,深市中小板
002676,顺威股份,SZ,深市中小板
002677,浙江美大,SZ,深市中小板
002678,珠江钢琴,SZ,深市中小板
002679,福建金森,SZ,深市中小板
002681,奋达科技,SZ,深市中小板
002682,龙洲股份,SZ,深市中小板
002683,广东宏大,SZ,深市中小板
002685,华东重机,SZ,深市中小板
002686,亿利达,SZ,深市中小板
002687,乔治白,SZ,深市中小板
002688,金河生物,SZ,深市中小板
002690,美亚光电,SZ,深市中小板
002692,远程股份,SZ,深市中小板
002693,双成药业,SZ,深市中小板
002695,煌上煌,SZ,深市中小板
002696,百洋股份,SZ,深市中小板
002697,红旗连锁,SZ,深市中小板
002698,博实股份,SZ,深市中小板
002700,万憬能源,SZ,深市中小板
002701,奥瑞金,SZ,深市中小板
002702,海欣食品,SZ,深市中小板
002703,浙江世宝,SZ,深市中小板
002705,新宝股份,SZ,深市中小板
002706,良信股份,SZ,深市中小板
002707,众信旅游,SZ,深市中小板
002708,光洋股份,SZ,深市中小板
002709,天赐材料,SZ,深市中小板
002712,思美传媒,SZ,深市中小板
002714,牧原股份,SZ,深市中小板
002715,登云股份,SZ,深市中小板
002716,湖南白银,SZ,深市中小板
002718,友邦吊顶,SZ,深市中小板
002721,金一文化,SZ,深市中小板
002722,物产金轮,SZ,深市中小板
002723,小崧股份,SZ,深市中小板
002724,海洋王,SZ,深市中小板
002725,跃岭股份,SZ,深市中小板
002727,一心堂,SZ,深市中小板
002728,特一药业,SZ,深市中小板
002729,好利科技,SZ,深市中小板
002730,电光科技,SZ,深市中小板
002732,燕塘乳业,SZ,深市中小板
002733,雄韬股份,SZ,深市中小板
002734,利民股份,SZ,深市中小板
002735,王子新材,SZ,深市中小板
002736,国信证券,SZ,深市中小板
002737,葵花药业,SZ,深市中小板
002738,中矿资源,SZ,深市中小板
002739,儒意电影,SZ,深市中小板
002741,光华科技,SZ,深市中小板
002742,冀衡医药,SZ,深市中小板
002743,富煌钢构,SZ,深市中小板
002745,木林森,SZ,深市中小板
002746,仙坛股份,SZ,深市中小板
002747,埃斯顿,SZ,深市中小板
002748,世龙实业,SZ,深市中小板
002749,国光股份,SZ,深市中小板
002752,昇兴股份,SZ,深市中小板
002753,永东股份,SZ,深市中小板
002755,奥赛康,SZ,深市中小板
002756,永兴材料,SZ,深市中小板
002757,南兴股份,SZ,深市中小板
002758,浙农股份,SZ,深市中小板
002759,天际股份,SZ,深市中小板
002760,凤形股份,SZ,深市中小板
002761,浙江建投,SZ,深市中小板
002762,金发拉比,SZ,深市中小板
002763,汇洁股份,SZ,深市中小板
002765,蓝黛科技,SZ,深市中小板
002766,索菱股份,SZ,深市中小板
002767,先锋电子,SZ,深市中小板
002768,国恩股份,SZ,深市中小板
002769,普路通,SZ,深市中小板
002771,真视通,SZ,深市中小板
002772,众兴菌业,SZ,深市中小板
002773,康弘药业,SZ,深市中小板
002774,快意电梯,SZ,深市中小板
002775,文科股份,SZ,深市中小板
002777,久远银海,SZ,深市中小板
002778,中晟高科,SZ,深市中小板
002779,中坚科技,SZ,深市中小板
002780,三夫户外,SZ,深市中小板
002782,可立克,SZ,深市中小板
002783,凯龙股份,SZ,深市中小板
002785,万里石,SZ,深市中小板
002786,银宝山新,SZ,深市中小板
002787,华源控股,SZ,深市中小板
002788,鹭燕医药,SZ,深市中小板
002790,瑞尔特,SZ,深市中小板
002791,坚朗五金,SZ,深市中小板
002792,通宇通讯,SZ,深市中小板
002793,罗欣药业,SZ,深市中小板
002795,永和智控,SZ,深市中小板
002796,世嘉科技,SZ,深市中小板
002797,第一创业,SZ,深市中小板
002798,帝欧水华,SZ,深市中小板
002799,环球印务,SZ,深市中小板
002800,天顺股份,SZ,深市中小板
002801,微光股份,SZ,深市中小板
002802,洪汇新材,SZ,深市中小板
002803,吉宏股份,SZ,深市中小板
002805,丰元股份,SZ,深市中小板
002806,华锋股份,SZ,深市中小板
002807,江阴银行,SZ,深市中小板
002808,恒久退,SZ,深市中小板
002809,红墙股份,SZ,深市中小板
002810,山东赫达,SZ,深市中小板
002811,郑中设计,SZ,深市中小板
002812,恩捷股份,SZ,深市中小板
002813,路畅科技,SZ,深市中小板
002815,崇达技术,SZ,深市中小板
002817,黄山胶囊,SZ,深市中小板
002818,富森美,SZ,深市中小板
002819,东方中科,SZ,深市中小板
002820,桂发祥,SZ,深市中小板
002821,凯莱英,SZ,深市中小板
002823,凯中精密,SZ,深市中小板
002824,和胜股份,SZ,深市中小板
002825,纳尔股份,SZ,深市中小板
002826,易明医药,SZ,深市中小板
002827,高争民爆,SZ,深市中小板
002828,贝肯能源,SZ,深市中小板
002829,星网宇达,SZ,深市中小板
002830,名雕股份,SZ,深市中小板
002831,裕同科技,SZ,深市中小板
002832,比音勒芬,SZ,深市中小板
002833,弘亚数控,SZ,深市中小板
002835,同为股份,SZ,深市中小板
002836,新宏泽,SZ,深市中小板
002837,英维克,SZ,深市中小板
002838,道恩股份,SZ,深市中小板
002839,张家港行,SZ,深市中小板
002840,华统股份,SZ,深市中小板
002841,视源股份,SZ,深市中小板
002842,翔鹭钨业,SZ,深市中小板
002843,泰嘉股份,SZ,深市中小板
002845,同兴达,SZ,深市中小板
002846,英联股份,SZ,深市中小板
002847,盐津铺子,SZ,深市中小板
002848,高斯贝尔,SZ,深市中小板
002849,威星智能,SZ,深市中小板
002850,科达利,SZ,深市中小板
002851,麦格米特,SZ,深市中小板
002852,道道全,SZ,深市中小板
002853,皮阿诺,SZ,深市中小板
002855,捷荣技术,SZ,深市中小板
002857,三晖电气,SZ,深市中小板
002858,力盛体育,SZ,深市中小板
002859,洁美科技,SZ,深市中小板
002860,星帅尔,SZ,深市中小板
002861,瀛通通讯,SZ,深市中小板
002862,实丰文化,SZ,深市中小板
002863,今飞凯达,SZ,深市中小板
002864,盘龙药业,SZ,深市中小板
002865,钧达股份,SZ,深市中小板
002866,传艺科技,SZ,深市中小板
002867,周大生,SZ,深市中小板
002868,绿康生化,SZ,深市中小板
002869,金溢科技,SZ,深市中小板
002870,香山股份,SZ,深市中小板
002871,伟隆股份,SZ,深市中小板
002873,新天药业,SZ,深市中小板
002875,安奈儿,SZ,深市中小板
002876,三利谱,SZ,深市中小板
002877,智能自控,SZ,深市中小板
002878,元隆雅图,SZ,深市中小板
002879,长缆科技,SZ,深市中小板
002880,卫光生物,SZ,深市中小板
002881,美格智能,SZ,深市中小板
002882,金龙羽,SZ,深市中小板
002884,凌霄泵业,SZ,深市中小板
002885,京泉华,SZ,深市中小板
002886,沃特股份,SZ,深市中小板
002887,绿茵生态,SZ,深市中小板
002888,惠威科技,SZ,深市中小板
002889,东方嘉盛,SZ,深市中小板
002890,弘宇股份,SZ,深市中小板
002891,中宠股份,SZ,深市中小板
002892,科力尔,SZ,深市中小板
002893,京能热力,SZ,深市中小板
002895,川恒股份,SZ,深市中小板
002896,中大力德,SZ,深市中小板
002897,意华股份,SZ,深市中小板
002898,赛隆退,SZ,深市中小板
002899,英派斯,SZ,深市中小板
002900,哈三联,SZ,深市中小板
002901,大博医疗,SZ,深市中小板
002902,铭普光磁,SZ,深市中小板
002903,宇环数控,SZ,深市中小板
002905,金逸影视,SZ,深市中小板
002906,华阳集团,SZ,深市中小板
002907,华森制药,SZ,深市中小板
002908,德生科技,SZ,深市中小板
002909,集泰股份,SZ,深市中小板
002910,庄园牧场,SZ,深市中小板
002911,佛燃能源,SZ,深市中小板
002912,中新赛克,SZ,深市中小板
002913,奥士康,SZ,深市中小板
002915,中欣氟材,SZ,深市中小板
002916,深南电路,SZ,深市中小板
002917,金奥博,SZ,深市中小板
002918,蒙娜丽莎,SZ,深市中小板
002919,名臣健康,SZ,深市中小板
002920,德赛西威,SZ,深市中小板
002921,联诚精密,SZ,深市中小板
002922,伊戈尔,SZ,深市中小板
002923,润都股份,SZ,深市中小板
002925,盈趣科技,SZ,深市中小板
002926,华西证券,SZ,深市中小板
002927,泰永长征,SZ,深市中小板
002928,华夏航空,SZ,深市中小板
002929,润建股份,SZ,深市中小板
002930,宏川智慧,SZ,深市中小板
002931,锋龙股份,SZ,深市中小板
002933,新兴装备,SZ,深市中小板
002935,天奥电子,SZ,深市中小板
002936,郑州银行,SZ,深市中小板
002937,兴瑞科技,SZ,深市中小板
002938,鹏鼎控股,SZ,深市中小板
002939,长城证券,SZ,深市中小板
002940,昂利康,SZ,深市中小板
002941,新疆交建,SZ,深市中小板
002942,新农股份,SZ,深市中小板
002943,宇晶股份,SZ,深市中小板
002945,华林证券,SZ,深市中小板
002946,新乳业,SZ,深市中小板
002947,恒铭达,SZ,深市中小板
002948,青岛银行,SZ,深市中小板
002949,华阳国际,SZ,深市中小板
002950,奥美医疗,SZ,深市中小板
002951,金时科技,SZ,深市中小板
002952,亚世光电,SZ,深市中小板
002953,日丰股份,SZ,深市中小板
002955,鸿合科技,SZ,深市中小板
002956,西麦食品,SZ,深市中小板
002957,科瑞技术,SZ,深市中小板
002958,青农商行,SZ,深市中小板
002959,小熊电器,SZ,深市中小板
002960,青鸟智控,SZ,深市中小板
002961,瑞达期货,SZ,深市中小板
002962,五方光电,SZ,深市中小板
002963,豪尔赛,SZ,深市中小板
002965,祥鑫科技,SZ,深市中小板
002966,苏州银行,SZ,深市中小板
002967,广电计量,SZ,深市中小板
002968,新大正,SZ,深市中小板
002969,嘉美包装,SZ,深市中小板
002970,锐明技术,SZ,深市中小板
002971,和远气体,SZ,深市中小板
002972,科安达,SZ,深市中小板
002973,侨银股份,SZ,深市中小板
002975,博杰股份,SZ,深市中小板
002976,瑞玛精密,SZ,深市中小板
002978,安宁股份,SZ,深市中小板
002979,雷赛智能,SZ,深市中小板
002980,华盛昌,SZ,深市中小板
002981,朝阳科技,SZ,深市中小板
002982,湘佳股份,SZ,深市中小板
002983,芯瑞达,SZ,深市中小板
002984,森麒麟,SZ,深市中小板
002985,北摩高科,SZ,深市中小板
002986,宇新股份,SZ,深市中小板
002987,京北方,SZ,深市中小板
002988,豪美新材,SZ,深市中小板
002989,中天精装,SZ,深市中小板
002990,盛视科技,SZ,深市中小板
002991,甘源食品,SZ,深市中小板
002992,宝明科技,SZ,深市中小板
002993,奥海科技,SZ,深市中小板
002995,天地在线,SZ,深市中小板
002996,顺博合金,SZ,深市中小板
002997,瑞鹄模具,SZ,深市中小板
002998,优彩资源,SZ,深市中小板
002999,天禾股份,SZ,深市中小板
003000,劲仔食品,SZ,深市中小板
003001,中岩大地,SZ,深市中小板
003002,壶化股份,SZ,深市中小板
003003,天元股份,SZ,深市中小板
003004,声迅股份,SZ,深市中小板
003005,竞业达,SZ,深市中小板
003006,百亚股份,SZ,深市中小板
003007,直真科技,SZ,深市中小板
003008,开普检测,SZ,深市中小板
003009,中天火箭,SZ,深市中小板
003010,若羽臣,SZ,深市中小板
003011,海象新材,SZ,深市中小板
003012,东鹏控股,SZ,深市中小板
003013,地铁设计,SZ,深市中小板
003015,日久光电,SZ,深市中小板
003016,欣贺股份,SZ,深市中小板
003017,大洋生物,SZ,深市中小板
003018,金富科技,SZ,深市中小板
003019,宸展光电,SZ,深市中小板
003020,立方制药,SZ,深市中小板
003021,兆威机电,SZ,深市中小板
003022,联泓新科,SZ,深市中小板
003023,彩虹集团,SZ,深市中小板
003025,思进智能,SZ,深市中小板
003026,中晶科技,SZ,深市中小板
003027,同兴科技,SZ,深市中小板
003028,振邦智能,SZ,深市中小板
003029,吉大正元,SZ,深市中小板
003030,祖名股份,SZ,深市中小板
003031,中瓷电子,SZ,深市中小板
003032,传智教育,SZ,深市中小板
003033,征和工业,SZ,深市中小板
003035,南网能源,SZ,深市中小板
003036,泰坦股份,SZ,深市中小板
003037,三和管桩,SZ,深市中小板
003038,鑫铂股份,SZ,深市中小板
003039,顺控发展,SZ,深市中小板
003040,楚天龙,SZ,深市中小板
003041,真爱美家,SZ,深市中小板
003042,中农联合,SZ,深市中小板
003043,华亚智能,SZ,深市中小板
003816,中国广核,SZ,深市中小板
600000,浦发银行,SH,沪市主板
600004,白云机场,SH,沪市主板
600006,东风股份,SH,沪市主板
600007,中国国贸,SH,沪市主板
600008,首创环保,SH,沪市主板
600009,上海机场,SH,沪市主板
600010,包钢股份,SH,沪市主板
600011,华能国际,SH,沪市主板
600012,皖通高速,SH,沪市主板
600015,华夏银行,SH,沪市主板
600016,民生银行,SH,沪市主板
600017,日照港,SH,沪市主板
600018,上港集团,SH,沪市主板
600019,宝钢股份,SH,沪市主板
600020,中原高速,SH,沪市主板
600021,上海电力,SH,沪市主板
600022,山东钢铁,SH,沪市主板
600023,浙能电力,SH,沪市主板
600025,华能水电,SH,沪市主板
600026,中远海能,SH,沪市主板
600027,华电国际,SH,沪市主板
600028,中国石化,SH,沪市主板
600029,南方航空,SH,沪市主板
600030,中信证券,SH,沪市主板
600031,三一重工,SH,沪市主板
600032,浙江新能,SH,沪市主板
600033,福建高速,SH,沪市主板
600035,楚天高速,SH,沪市主板
600036,招商银行,SH,沪市主板
600037,歌华有线,SH,沪市主板
600038,中直股份,SH,沪市主板
600039,四川路桥,SH,沪市主板
600048,保利发展,SH,沪市主板
600050,中国联通,SH,沪市主板
600051,宁波联合,SH,沪市主板
600052,东望时代,SH,沪市主板
600054,黄山旅游,SH,沪市主板
600055,万东医疗,SH,沪市主板
600056,中国医药,SH,沪市主板
600057,厦门象屿,SH,沪市主板
600058,五矿发展,SH,沪市主板
600059,古越龙山,SH,沪市主板
600060,海信视像,SH,沪市主板
600061,国投资本,SH,沪市主板
600062,华润双鹤,SH,沪市主板
600063,皖维高新,SH,沪市主板
600064,南京高科,SH,沪市主板
600066,宇通客车,SH,沪市主板
600067,冠城新材,SH,沪市主板
600071,凤凰光学,SH,沪市主板
600072,中船科技,SH,沪市主板
600073,光明肉业,SH,沪市主板
600075,新疆天业,SH,沪市主板
600076,康欣新材,SH,沪市主板
600078,澄星股份,SH,沪市主板
600081,东风科技,SH,沪市主板
600085,同仁堂,SH,沪市主板
600088,中视传媒,SH,沪市主板
600089,特变电工,SH,沪市主板
600094,大名城,SH,沪市主板
600095,湘财股份,SH,沪市主板
600096,云天化,SH,沪市主板
600097,开创国际,SH,沪市主板
600098,广州发展,SH,沪市主板
600099,林海股份,SH,沪市主板
600100,同方股份,SH,沪市主板
600101,明星电力,SH,沪市主板
600103,青山纸业,SH,沪市主板
600104,上汽集团,SH,沪市主板
600105,永鼎股份,SH,沪市主板
600106,重庆路桥,SH,沪市主板
600108,亚盛集团,SH,沪市主板
600109,国金证券,SH,沪市主板
600110,诺德股份,SH,沪市主板
600111,北方稀土,SH,沪市主板
600113,浙江东日,SH,沪市主板
600114,东睦股份,SH,沪市主板
600115,中国东航,SH,沪市主板
600116,三峡水利,SH,沪市主板
600117,西宁特钢,SH,沪市主板
600118,中国卫星,SH,沪市主板
600120,浙江东方,SH,沪市主板
600121,郑州煤电,SH,沪市主板
600123,兰花科创,SH,沪市主板
600125,铁龙物流,SH,沪市主板
600126,杭钢股份,SH,沪市主板
600127,金健米业,SH,沪市主板
600128,苏豪弘业,SH,沪市主板
600129,太极集团,SH,沪市主板
600130,波导股份,SH,沪市主板
600131,国网信通,SH,沪市主板
600132,重庆啤酒,SH,沪市主板
600133,东湖高新,SH,沪市主板
600135,乐凯胶片,SH,沪市主板
600137,浪莎股份,SH,沪市主板
600138,中青旅,SH,沪市主板
600141,兴发集团,SH,沪市主板
600143,金发科技,SH,沪市主板
600148,长春一东,SH,沪市主板
600149,廊坊发展,SH,沪市主板
600150,中国船舶,SH,沪市主板
600151,航天机电,SH,沪市主板
600152,维科技术,SH,沪市主板
600153,建发股份,SH,沪市主板
600155,华创云信,SH,沪市主板
600156,华升股份,SH,沪市主板
600157,永泰能源,SH,沪市主板
600158,中体产业,SH,沪市主板
600159,大龙地产,SH,沪市主板
600160,巨化股份,SH,沪市主板
600161,天坛生物,SH,沪市主板
600162,香江控股,SH,沪市主板
600163,中闽能源,SH,沪市主板
600166,福田汽车,SH,沪市主板
600167,联美控股,SH,沪市主板
600168,武汉控股,SH,沪市主板
600170,上海建工,SH,沪市主板
600171,上海贝岭,SH,沪市主板
600172,黄河旋风,SH,沪市主板
600173,卧龙新能,SH,沪市主板
600176,中国巨石,SH,沪市主板
600177,雅戈尔,SH,沪市主板
600178,东安动力,SH,沪市主板
600179,安通控股,SH,沪市主板
600182,S佳通,SH,沪市主板
600183,生益科技,SH,沪市主板
600184,光电股份,SH,沪市主板
600185,珠免集团,SH,沪市主板
600186,莲花控股,SH,沪市主板
600188,兖矿能源,SH,沪市主板
600189,泉阳泉,SH,沪市主板
600191,华资实业,SH,沪市主板
600192,长城电工,SH,沪市主板
600193,退市创兴,SH,沪市主板
600195,中牧股份,SH,沪市主板
600196,复星医药,SH,沪市主板
600197,伊力特,SH,沪市主板
600198,大唐电信,SH,沪市主板
600199,金种子酒,SH,沪市主板
600200,退市苏吴,SH,沪市主板
600201,生物股份,SH,沪市主板
600202,哈空调,SH,沪市主板
600203,福日电子,SH,沪市主板
600206,有研新材,SH,沪市主板
600207,安彩高科,SH,沪市主板
600208,衢州发展,SH,沪市主板
600210,紫江企业,SH,沪市主板
600211,西藏药业,SH,沪市主板
600212,绿能慧充,SH,沪市主板
600215,派斯林,SH,沪市主板
600216,浙江医药,SH,沪市主板
600217,中再资环,SH,沪市主板
600218,全柴动力,SH,沪市主板
600219,南山铝业,SH,沪市主板
600221,海航控股,SH,沪市主板
600222,太龙药业,SH,沪市主板
600223,福瑞达,SH,沪市主板
600226,亨通股份,SH,沪市主板
600227,赤天化,SH,沪市主板
600228,返利科技,SH,沪市主板
600229,城市传媒,SH,沪市主板
600230,沧州大化,SH,沪市主板
600231,凌钢股份,SH,沪市主板
600232,金鹰股份,SH,沪市主板
600233,圆通速递,SH,沪市主板
600234,科新发展,SH,沪市主板
600235,民丰特纸,SH,沪市主板
600236,桂冠电力,SH,沪市主板
600237,铜峰电子,SH,沪市主板
600241,时代万恒,SH,沪市主板
600246,万通发展,SH,沪市主板
600248,陕建股份,SH,沪市主板
600249,两面针,SH,沪市主板
600250,南京商旅,SH,沪市主板
600251,冠农股份,SH,沪市主板
600252,中恒集团,SH,沪市主板
600255,鑫科材料,SH,沪市主板
600256,广汇能源,SH,沪市主板
600257,大湖股份,SH,沪市主板
600258,首旅酒店,SH,沪市主板
600259,中稀有色,SH,沪市主板
600261,阳光照明,SH,沪市主板
600262,北方股份,SH,沪市主板
600266,城建发展,SH,沪市主板
600267,海正药业,SH,沪市主板
600268,国电南自,SH,沪市主板
600269,赣粤高速,SH,沪市主板
600271,航天信息,SH,沪市主板
600272,开开实业,SH,沪市主板
600273,嘉化能源,SH,沪市主板
600276,恒瑞医药,SH,沪市主板
600278,东方创业,SH,沪市主板
600279,重庆港,SH,沪市主板
600280,中央商场,SH,沪市主板
600281,华阳新材,SH,沪市主板
600282,南钢股份,SH,沪市主板
600283,钱江水利,SH,沪市主板
600284,浦东建设,SH,沪市主板
600285,羚锐制药,SH,沪市主板
600287,苏豪时尚,SH,沪市主板
600288,大恒科技,SH,沪市主板
600292,电投水电,SH,沪市主板
600293,三峡新材,SH,沪市主板
600295,鄂尔多斯,SH,沪市主板
600298,安琪酵母,SH,沪市主板
600299,安迪苏,SH,沪市主板
600300,维维股份,SH,沪市主板
600301,华锡有色,SH,沪市主板
600303,曙光股份,SH,沪市主板
600305,恒顺醋业,SH,沪市主板
600307,酒钢宏兴,SH,沪市主板
600308,华泰股份,SH,沪市主板
600309,万华化学,SH,沪市主板
600310,广西能源,SH,沪市主板
600312,平高电气,SH,沪市主板
600313,农发种业,SH,沪市主板
600315,上海家化,SH,沪市主板
600316,洪都航空,SH,沪市主板
600318,新力金融,SH,沪市主板
600319,亚星化学,SH,沪市主板
600320,振华重工,SH,沪市主板
600322,津投城开,SH,沪市主板
600323,瀚蓝环境,SH,沪市主板
600325,华发股份,SH,沪市主板
600326,西藏天路,SH,沪市主板
600327,大东方,SH,沪市主板
600328,中盐化工,SH,沪市主板
600329,达仁堂,SH,沪市主板
600330,天通股份,SH,沪市主板
600331,宏达股份,SH,沪市主板
600332,白云山,SH,沪市主板
600333,长春燃气,SH,沪市主板
600335,国机汽车,SH,沪市主板
600336,澳柯玛,SH,沪市主板
600338,西藏珠峰,SH,沪市主板
600339,中油工程,SH,沪市主板
600343,航天动力,SH,沪市主板
600345,长江通信,SH,沪市主板
600346,恒力石化,SH,沪市主板
600348,华阳股份,SH,沪市主板
600350,山东高速,SH,沪市主板
600351,亚宝药业,SH,沪市主板
600352,浙江龙盛,SH,沪市主板
600353,旭光电子,SH,沪市主板
600354,敦煌种业,SH,沪市主板
600356,恒丰纸业,SH,沪市主板
600358,国旅联合,SH,沪市主板
600359,新农开发,SH,沪市主板
600360,华微电子,SH,沪市主板
600361,创新新材,SH,沪市主板
600362,江西铜业,SH,沪市主板
600363,联创光电,SH,沪市主板
600366,宁波韵升,SH,沪市主板
600367,红星发展,SH,沪市主板
600368,五洲交通,SH,沪市主板
600369,西南证券,SH,沪市主板
600371,万向德农,SH,沪市主板
600372,中航机载,SH,沪市主板
600373,中文传媒,SH,沪市主板
600375,汉马科技,SH,沪市主板
600376,首开股份,SH,沪市主板
600377,宁沪高速,SH,沪市主板
600378,昊华科技,SH,沪市主板
600379,宝光股份,SH,沪市主板
600380,健康元,SH,沪市主板
600382,广东明珠,SH,沪市主板
600383,金地集团,SH,沪市主板
600386,北巴传媒,SH,沪市主板
600388,龙净环保,SH,沪市主板
600389,江山股份,SH,沪市主板
600390,五矿资本,SH,沪市主板
600391,航发科技,SH,沪市主板
600392,盛和资源,SH,沪市主板
600395,盘江股份,SH,沪市主板
600396,华电辽能,SH,沪市主板
600397,江钨装备,SH,沪市主板
600398,海澜之家,SH,沪市主板
600399,抚顺特钢,SH,沪市主板
600400,红豆股份,SH,沪市主板
600403,大有能源,SH,沪市主板
600405,动力源,SH,沪市主板
600406,国电南瑞,SH,沪市主板
600408,安泰集团,SH,沪市主板
600409,三友化工,SH,沪市主板
600410,华胜天成,SH,沪市主板
600415,小商品城,SH,沪市主板
600416,湘电股份,SH,沪市主板
600418,江淮汽车,SH,沪市主板
600419,天润乳业,SH,沪市主板
600420,国药现代,SH,沪市主板
600421,退市华嵘,SH,沪市主板
600422,昆药集团,SH,沪市主板
600425,青松建化,SH,沪市主板
600426,华鲁恒升,SH,沪市主板
600428,中远海特,SH,沪市主板
600429,三元股份,SH,沪市主板
600433,冠豪高新,SH,沪市主板
600435,北方导航,SH,沪市主板
600436,片仔癀,SH,沪市主板
600438,通威股份,SH,沪市主板
600439,瑞贝卡,SH,沪市主板
600444,国机通用,SH,沪市主板
600446,金证股份,SH,沪市主板
600448,华纺股份,SH,沪市主板
600449,宁夏建材,SH,沪市主板
600452,涪陵电力,SH,沪市主板
600455,博通股份,SH,沪市主板
600456,宝钛股份,SH,沪市主板
600458,时代新材,SH,沪市主板
600459,贵研铂业,SH,沪市主板
600460,士兰微,SH,沪市主板
600461,洪城环境,SH,沪市主板
600463,空港股份,SH,沪市主板
600467,好当家,SH,沪市主板
600468,百利电气,SH,沪市主板
600469,风神股份,SH,沪市主板
600470,六国化工,SH,沪市主板
600475,华光环能,SH,沪市主板
600477,杭萧钢构,SH,沪市主板
600478,科力远,SH,沪市主板
600479,千金药业,SH,沪市主板
600480,凌云股份,SH,沪市主板
600481,双良节能,SH,沪市主板
600482,中国动力,SH,沪市主板
600483,福能股份,SH,沪市主板
600486,扬农化工,SH,沪市主板
600487,亨通光电,SH,沪市主板
600488,津药药业,SH,沪市主板
600489,中金黄金,SH,沪市主板
600490,鹏欣资源,SH,沪市主板
600493,凤竹纺织,SH,沪市主板
600495,晋西车轴,SH,沪市主板
600496,精工钢构,SH,沪市主板
600497,驰宏锌锗,SH,沪市主板
600498,烽火通信,SH,沪市主板
600499,科达制造,SH,沪市主板
600500,中化国际,SH,沪市主板
600501,航天晨光,SH,沪市主板
600502,安徽建工,SH,沪市主板
600503,华丽家族,SH,沪市主板
600505,西昌电力,SH,沪市主板
600506,统一股份,SH,沪市主板
600507,方大特钢,SH,沪市主板
600508,上海能源,SH,沪市主板
600509,天富能源,SH,沪市主板
600510,黑牡丹,SH,沪市主板
600511,国药股份,SH,沪市主板
600512,腾达建设,SH,沪市主板
600513,联环药业,SH,沪市主板
600515,海南机场,SH,沪市主板
600516,方大炭素,SH,沪市主板
600517,国网英大,SH,沪市主板
600518,康美药业,SH,沪市主板
600519,贵州茅台,SH,沪市主板
600520,三佳科技,SH,沪市主板
600521,华海药业,SH,沪市主板
600522,中天科技,SH,沪市主板
600523,贵航股份,SH,沪市主板
600526,菲达环保,SH,沪市主板
600527,江南高纤,SH,沪市主板
600528,中铁工业,SH,沪市主板
600529,山东药玻,SH,沪市主板
600530,交大昂立,SH,沪市主板
600531,豫光金铅,SH,沪市主板
600533,栖霞建设,SH,沪市主板
600535,天士力,SH,沪市主板
600536,中国软件,SH,沪市主板
600538,国发股份,SH,沪市主板
600539,狮头股份,SH,沪市主板
600540,新赛股份,SH,沪市主板
600545,卓郎智能,SH,沪市主板
600546,山煤国际,SH,沪市主板
600547,山东黄金,SH,沪市主板
600548,深高速,SH,沪市主板
600549,厦门钨业,SH,沪市主板
600550,保变电气,SH,沪市主板
600551,时代出版,SH,沪市主板
600552,凯盛科技,SH,沪市主板
600556,天下秀,SH,沪市主板
600557,康缘药业,SH,沪市主板
600558,大西洋,SH,沪市主板
600559,老白干酒,SH,沪市主板
600560,金自天正,SH,沪市主板
600561,江西长运,SH,沪市主板
600562,国睿科技,SH,沪市主板
600563,法拉电子,SH,沪市主板
600566,济川药业,SH,沪市主板
600567,山鹰国际,SH,沪市主板
600569,安阳钢铁,SH,沪市主板
600570,恒生电子,SH,沪市主板
600571,信雅达,SH,沪市主板
600572,康恩贝,SH,沪市主板
600573,惠泉啤酒,SH,沪市主板
600575,淮河能源,SH,沪市主板
600576,祥源文旅,SH,沪市主板
600577,精达股份,SH,沪市主板
600578,京能电力,SH,沪市主板
600579,中化装备,SH,沪市主板
600580,卧龙电驱,SH,沪市主板
600582,天地科技,SH,沪市主板
600583,海油工程,SH,沪市主板
600584,长电科技,SH,沪市主板
600585,海螺水泥,SH,沪市主板
600586,金晶科技,SH,沪市主板
600587,新华医疗,SH,沪市主板
600588,用友网络,SH,沪市主板
600589,大位科技,SH,沪市主板
600590,泰豪科技,SH,沪市主板
600592,龙溪股份,SH,沪市主板
600593,大连圣亚,SH,沪市主板
600594,益佰制药,SH,沪市主板
600595,中孚实业,SH,沪市主板
600596,新安股份,SH,沪市主板
600597,光明乳业,SH,沪市主板
600598,北大荒,SH,沪市主板
600599,退市熊猫,SH,沪市主板
600600,青岛啤酒,SH,沪市主板
600601,方正科技,SH,沪市主板
600602,云赛智联,SH,沪市主板
600603,广汇物流,SH,沪市主板
600604,市北高新,SH,沪市主板
600605,汇通能源,SH,沪市主板
600606,绿地控股,SH,沪市主板
600608,退市沪科,SH,沪市主板
600609,金杯汽车,SH,沪市主板
600610,中毅达,SH,沪市主板
600611,大众交通,SH,沪市主板
600612,老凤祥,SH,沪市主板
600613,神奇制药,SH,沪市主板
600615,鑫源智造,SH,沪市主板
600616,金枫酒业,SH,沪市主板
600617,国新能源,SH,沪市主板
600618,氯碱化工,SH,沪市主板
600619,海立股份,SH,沪市主板
600620,天宸股份,SH,沪市主板
600621,华鑫股份,SH,沪市主板
600622,光大嘉宝,SH,沪市主板
600623,华谊集团,SH,沪市主板
600626,申达股份,SH,沪市主板
600628,新世界,SH,沪市主板
600629,华建集团,SH,沪市主板
600630,龙头股份,SH,沪市主板
600633,浙数文化,SH,沪市主板
600635,大众公用,SH,沪市主板
600636,退市国化,SH,沪市主板
600637,东方明珠,SH,沪市主板
600638,新黄浦,SH,沪市主板
600639,浦东金桥,SH,沪市主板
600640,国脉文化,SH,沪市主板
600641,先导基电,SH,沪市主板
600642,申能股份,SH,沪市主板
600643,爱建集团,SH,沪市主板
600644,乐山电力,SH,沪市主板
600645,中源协和,SH,沪市主板
600648,外高桥,SH,沪市主板
600649,城投控股,SH,沪市主板
600650,锦江在线,SH,沪市主板
600651,飞乐音响,SH,沪市主板
600653,申华控股,SH,沪市主板
600654,中安科,SH,沪市主板
600655,豫园股份,SH,沪市主板
600657,信达地产,SH,沪市主板
600658,电子城,SH,沪市主板
600660,福耀玻璃,SH,沪市主板
600661,昂立教育,SH,沪市主板
600662,外服控股,SH,沪市主板
600663,陆家嘴,SH,沪市主板
600664,哈药股份,SH,沪市主板
600665,天地源,SH,沪市主板
600666,奥瑞德,SH,沪市主板
600667,太极实业,SH,沪市主板
600668,尖峰集团,SH,沪市主板
600671,天目药业,SH,沪市主板
600673,东阳光,SH,沪市主板
600674,川投能源,SH,沪市主板
600675,中华企业,SH,沪市主板
600676,交运股份,SH,沪市主板
600679,上海凤凰,SH,沪市主板
600681,百川能源,SH,沪市主板
600682,南京新百,SH,沪市主板
600683,京投发展,SH,沪市主板
600684,珠江股份,SH,沪市主板
600685,中船防务,SH,沪市主板
600686,金龙汽车,SH,沪市主板
600688,上海石化,SH,沪市主板
600689,上海三毛,SH,沪市主板
600690,海尔智家,SH,沪市主板
600691,潞化科技,SH,沪市主板
600692,亚通股份,SH,沪市主板
600693,东百集团,SH,沪市主板
600694,大商股份,SH,沪市主板
600696,退市岩石,SH,沪市主板
600697,欧亚集团,SH,沪市主板
600698,湖南天雁,SH,沪市主板
600699,均胜电子,SH,沪市主板
600702,舍得酒业,SH,沪市主板
600703,三安光电,SH,沪市主板
600704,物产中大,SH,沪市主板
600706,曲江文旅,SH,沪市主板
600707,彩虹股份,SH,沪市主板
600708,光明地产,SH,沪市主板
600710,苏美达,SH,沪市主板
600711,盛屯矿业,SH,沪市主板
600712,南宁百货,SH,沪市主板
600713,南京医药,SH,沪市主板
600714,金瑞矿业,SH,沪市主板
600715,文投控股,SH,沪市主板
600716,凤凰股份,SH,沪市主板
600717,天津港,SH,沪市主板
600718,东软集团,SH,沪市主板
600719,大连热电,SH,沪市主板
600720,中交设计,SH,沪市主板
600721,百花医药,SH,沪市主板
600722,金牛化工,SH,沪市主板
600724,宁波富达,SH,沪市主板
600725,云维股份,SH,沪市主板
600726,华电能源,SH,沪市主板
600727,鲁北化工,SH,沪市主板
600728,佳都科技,SH,沪市主板
600729,重百集团,SH,沪市主板
600731,湖南海利,SH,沪市主板
600732,爱旭股份,SH,沪市主板
600733,北汽蓝谷,SH,沪市主板
600736,苏州高新,SH,沪市主板
600737,中粮糖业,SH,沪市主板
600738,丽尚国潮,SH,沪市主板
600739,辽宁成大,SH,沪市主板
600740,山西焦化,SH,沪市主板
600741,华域汽车,SH,沪市主板
600742,富维股份,SH,沪市主板
600743,华远控股,SH,沪市主板
600744,华银电力,SH,沪市主板
600746,江苏索普,SH,沪市主板
600748,上实发展,SH,沪市主板
600749,西藏旅游,SH,沪市主板
600750,华润江中,SH,沪市主板
600751,海航科技,SH,沪市主板
600754,锦江酒店,SH,沪市主板
600755,厦门国贸,SH,沪市主板
600756,浪潮软件,SH,沪市主板
600757,长江传媒,SH,沪市主板
600758,辽宁能源,SH,沪市主板
600760,中航沈飞,SH,沪市主板
600761,安徽合力,SH,沪市主板
600763,通策医疗,SH,沪市主板
600764,中国海防,SH,沪市主板
600765,中航重机,SH,沪市主板
600768,宁波富邦,SH,沪市主板
600769,祥龙电业,SH,沪市主板
600770,综艺股份,SH,沪市主板
600771,广誉远,SH,沪市主板
600773,西藏城投,SH,沪市主板
600774,汉商集团,SH,沪市主板
600775,南京熊猫,SH,沪市主板
600776,东方通信,SH,沪市主板
600777,新潮能源,SH,沪市主板
600778,友好集团,SH,沪市主板
600779,水井坊,SH,沪市主板
600780,通宝能源,SH,沪市主板
600782,新钢股份,SH,沪市主板
600783,鲁信创投,SH,沪市主板
600784,鲁银投资,SH,沪市主板
600785,新华百货,SH,沪市主板
600787,中储股份,SH,沪市主板
600789,鲁抗医药,SH,沪市主板
600790,轻纺城,SH,沪市主板
600791,京能置业,SH,沪市主板
600792,云煤能源,SH,沪市主板
600793,宜宾纸业,SH,沪市主板
600794,保税科技,SH,沪市主板
600795,国电电力,SH,沪市主板
600796,钱江生化,SH,沪市主板
600797,浙大网新,SH,沪市主板
600798,宁波海运,SH,沪市主板
600800,渤海化学,SH,沪市主板
600801,华新建材,SH,沪市主板
600802,福建水泥,SH,沪市主板
600803,新奥股份,SH,沪市主板
600805,悦达投资,SH,沪市主板
600807,济高发展,SH,沪市主板
600808,马钢股份,SH,沪市主板
600809,山西汾酒,SH,沪市主板
600810,神马股份,SH,沪市主板
600812,华北制药,SH,沪市主板
600814,杭州解百,SH,沪市主板
600815,厦工股份,SH,沪市主板
600816,建元信托,SH,沪市主板
600817,宇通重工,SH,沪市主板
600819,耀皮玻璃,SH,沪市主板
600820,隧道股份,SH,沪市主板
600821,金开新能,SH,沪市主板
600822,上海物贸,SH,沪市主板
600824,益民集团,SH,沪市主板
600825,新华传媒,SH,沪市主板
600826,兰生股份,SH,沪市主板
600827,百联股份,SH,沪市主板
600828,茂业商业,SH,沪市主板
600829,人民同泰,SH,沪市主板
600830,香溢融通,SH,沪市主板
600831,广电网络,SH,沪市主板
600833,第一医药,SH,沪市主板
600834,申通地铁,SH,沪市主板
600835,上海机电,SH,沪市主板
600838,上海九百,SH,沪市主板
600839,四川长虹,SH,沪市主板
600841,动力新科,SH,沪市主板
600843,上工申贝,SH,沪市主板
600844,金煤科技,SH,沪市主板
600845,宝信软件,SH,沪市主板
600846,同济科技,SH,沪市主板
600847,万里股份,SH,沪市主板
600848,上海临港,SH,沪市主板
600850,电科数字,SH,沪市主板
600851,海欣股份,SH,沪市主板
600853,龙建股份,SH,沪市主板
600854,春兰股份,SH,沪市主板
600855,航天长峰,SH,沪市主板
600857,宁波中百,SH,沪市主板
600858,银座股份,SH,沪市主板
600859,王府井,SH,沪市主板
600860,京城股份,SH,沪市主板
600861,北京人力,SH,沪市主板
600862,中航高科,SH,沪市主板
600863,华能蒙电,SH,沪市主板
600864,哈投股份,SH,沪市主板
600865,百大集团,SH,沪市主板
600866,星湖科技,SH,沪市主板
600867,通化东宝,SH,沪市主板
600868,梅雁吉祥,SH,沪市主板
600869,远东股份,SH,沪市主板
600871,石化油服,SH,沪市主板
600872,中炬高新,SH,沪市主板
600873,梅花生物,SH,沪市主板
600874,创业环保,SH,沪市主板
600875,东方电气,SH,沪市主板
600876,凯盛新能,SH,沪市主板
600877,电科芯片,SH,沪市主板
600879,航天电子,SH,沪市主板
600880,博瑞传播,SH,沪市主板
600881,亚泰集团,SH,沪市主板
600882,妙可蓝多,SH,沪市主板
600883,博闻科技,SH,沪市主板
600884,杉杉股份,SH,沪市主板
600885,宏发股份,SH,沪市主板
600886,国投电力,SH,沪市主板
600887,伊利股份,SH,沪市主板
600888,新疆众和,SH,沪市主板
600892,大晟文化,SH,沪市主板
600893,航发动力,SH,沪市主板
600894,广日股份,SH,沪市主板
600895,张江高科,SH,沪市主板
600897,厦门空港,SH,沪市主板
600900,长江电力,SH,沪市主板
600901,江苏金租,SH,沪市主板
600903,贵州燃气,SH,沪市主板
600905,三峡能源,SH,沪市主板
600906,财达证券,SH,沪市主板
600908,无锡银行,SH,沪市主板
600909,华安证券,SH,沪市主板
600916,中国黄金,SH,沪市主板
600917,重庆燃气,SH,沪市主板
600918,中泰证券,SH,沪市主板
600919,江苏银行,SH,沪市主板
600926,杭州银行,SH,沪市主板
600927,永安期货,SH,沪市主板
600928,西安银行,SH,沪市主板
600929,雪天盐业,SH,沪市主板
600933,爱柯迪,SH,沪市主板
600935,华塑股份,SH,沪市主板
600936,北投科技,SH,沪市主板
600939,重庆建工,SH,沪市主板
600941,中国移动,SH,沪市主板
600955,维远股份,SH,沪市主板
600956,新天绿能,SH,沪市主板
600958,东方证券,SH,沪市主板
600959,江苏有线,SH,沪市主板
600960,渤海汽车,SH,沪市主板
600961,株冶集团,SH,沪市主板
600962,国投中鲁,SH,沪市主板
600963,岳阳林纸,SH,沪市主板
600966,博汇纸业,SH,沪市主板
600967,内蒙一机,SH,沪市主板
600968,海油发展,SH,沪市主板
600969,郴电国际,SH,沪市主板
600970,中材国际,SH,沪市主板
600971,恒源煤电,SH,沪市主板
600973,宝胜股份,SH,沪市主板
600975,新五丰,SH,沪市主板
600976,健民集团,SH,沪市主板
600977,中国电影,SH,沪市主板
600979,广安爱众,SH,沪市主板
600980,北矿科技,SH,沪市主板
600981,苏豪汇鸿,SH,沪市主板
600982,宁波能源,SH,沪市主板
600983,惠而浦,SH,沪市主板
600984,建设机械,SH,沪市主板
600985,淮北矿业,SH,沪市主板
600986,浙文互联,SH,沪市主板
600987,航民股份,SH,沪市主板
600988,赤峰黄金,SH,沪市主板
600989,宝丰能源,SH,沪市主板
600990,四创电子,SH,沪市主板
600992,贵绳股份,SH,沪市主板
600993,马应龙,SH,沪市主板
600995,南网储能,SH,沪市主板
600996,贵广网络,SH,沪市主板
600997,开滦股份,SH,沪市主板
600998,九州通,SH,沪市主板
600999,招商证券,SH,沪市主板
601000,唐山港,SH,沪市主板
601001,晋控煤业,SH,沪市主板
601002,晋亿实业,SH,沪市主板
601003,柳钢股份,SH,沪市主板
601005,重庆钢铁,SH,沪市主板
601006,大秦铁路,SH,沪市主板
601007,金陵饭店,SH,沪市主板
601008,连云港,SH,沪市主板
601009,南京银行,SH,沪市主板
601011,宝泰隆,SH,沪市主板
601012,隆基绿能,SH,沪市主板
601015,陕西黑猫,SH,沪市主板
601016,节能风电,SH,沪市主板
601018,宁波港,SH,沪市主板
601019,山东出版,SH,沪市主板
601020,华钰矿业,SH,沪市主板
601021,春秋航空,SH,沪市主板
601038,一拖股份,SH,沪市主板
601058,赛轮轮胎,SH,沪市主板
601066,中信建投,SH,沪市主板
601068,中铝国际,SH,沪市主板
601069,西部黄金,SH,沪市主板
601077,渝农商行,SH,沪市主板
601086,国芳集团,SH,沪市主板
601088,中国神华,SH,沪市主板
601098,中南传媒,SH,沪市主板
601099,太平洋,SH,沪市主板
601100,恒立液压,SH,沪市主板
601101,昊华能源,SH,沪市主板
601106,中国一重,SH,沪市主板
601107,四川成渝,SH,沪市主板
601108,财通证券,SH,沪市主板
601111,中国国航,SH,沪市主板
601113,华鼎股份,SH,沪市主板
601116,三江购物,SH,沪市主板
601117,中国化学,SH,沪市主板
601118,海南橡胶,SH,沪市主板
601126,四方股份,SH,沪市主板
601127,赛力斯,SH,沪市主板
601128,常熟银行,SH,沪市主板
601137,博威合金,SH,沪市主板
601138,工业富联,SH,沪市主板
601139,深圳燃气,SH,沪市主板
601155,新城控股,SH,沪市主板
601156,东航物流,SH,沪市主板
601158,重庆水务,SH,沪市主板
601162,天风证券,SH,沪市主板
601163,三角轮胎,SH,沪市主板
601166,兴业银行,SH,沪市主板
601168,西部矿业,SH,沪市主板
601169,北京银行,SH,沪市主板
601177,杭齿前进,SH,沪市主板
601179,中国西电,SH,沪市主板
601186,中国铁建,SH,沪市主板
601187,厦门银行,SH,沪市主板
601188,龙江交通,SH,沪市主板
601198,东兴证券,SH,沪市主板
601199,江南水务,SH,沪市主板
601200,上海环境,SH,沪市主板
601208,东材科技,SH,沪市主板
601211,国泰海通,SH,沪市主板
601212,白银有色,SH,沪市主板
601216,君正集团,SH,沪市主板
601218,吉鑫科技,SH,沪市主板
601222,林洋能源,SH,沪市主板
601225,陕西煤业,SH,沪市主板
601226,华电科工,SH,沪市主板
601228,广州港,SH,沪市主板
601229,上海银行,SH,沪市主板
601231,环旭电子,SH,沪市主板
601233,桐昆股份,SH,沪市主板
601236,红塔证券,SH,沪市主板
601238,广汽集团,SH,沪市主板
601279,英利汽车,SH,沪市主板
601288,农业银行,SH,沪市主板
601298,青岛港,SH,沪市主板
601311,骆驼股份,SH,沪市主板
601318,中国平安,SH,沪市主板
601319,中国人保,SH,沪市主板
601326,秦港股份,SH,沪市主板
601328,交通银行,SH,沪市主板
601330,绿色动力,SH,沪市主板
601333,广深铁路,SH,沪市主板
601336,新华保险,SH,沪市主板
601339,百隆东方,SH,沪市主板
601360,三六零,SH,沪市主板
601366,利群股份,SH,沪市主板
601368,绿城水务,SH,沪市主板
601369,陕鼓动力,SH,沪市主板
601375,中原证券,SH,沪市主板
601377,兴业证券,SH,沪市主板
601388,怡球资源,SH,沪市主板
601390,中国中铁,SH,沪市主板
601398,工商银行,SH,沪市主板
601399,国机重装,SH,沪市主板
601456,国联民生,SH,沪市主板
601500,通用股份,SH,沪市主板
601512,中新集团,SH,沪市主板
601515,衢州东峰,SH,沪市主板
601518,吉林高速,SH,沪市主板
601519,大智慧,SH,沪市主板
601528,瑞丰银行,SH,沪市主板
601555,东吴证券,SH,沪市主板
601566,九牧王,SH,沪市主板
601567,三星电气,SH,沪市主板
601568,北元化工,SH,沪市主板
601577,长沙银行,SH,沪市主板
601579,会稽山,SH,沪市主板
601588,北辰实业,SH,沪市主板
601595,上海电影,SH,沪市主板
601598,中国外运,SH,沪市主板
601599,浙文影业,SH,沪市主板
601600,中国铝业,SH,沪市主板
601601,中国太保,SH,沪市主板
601606,长城军工,SH,沪市主板
601607,上海医药,SH,沪市主板
601608,中信重工,SH,沪市主板
601609,金田股份,SH,沪市主板
601611,中国核建,SH,沪市主板
601615,明阳智能,SH,沪市主板
601616,广电电气,SH,沪市主板
601618,中国中冶,SH,沪市主板
601619,嘉泽新能,SH,沪市主板
601628,中国人寿,SH,沪市主板
601633,长城汽车,SH,沪市主板
601636,旗滨集团,SH,沪市主板
601658,邮储银行,SH,沪市主板
601665,齐鲁银行,SH,沪市主板
601666,平煤股份,SH,沪市主板
601668,中国建筑,SH,沪市主板
601669,中国电建,SH,沪市主板
601677,明泰铝业,SH,沪市主板
601678,滨化股份,SH,沪市主板
601686,友发集团,SH,沪市主板
601688,华泰证券,SH,沪市主板
601689,拓普集团,SH,沪市主板
601696,中银证券,SH,沪市主板
601698,中国卫通,SH,沪市主板
601699,潞安环能,SH,沪市主板
601700,风范股份,SH,沪市主板
601702,华峰铝业,SH,沪市主板
601717,中创智领,SH,沪市主板
601727,上海电气,SH,沪市主板
601728,中国电信,SH,沪市主板
601766,中国中车,SH,沪市主板
601777,千里科技,SH,沪市主板
601778,晶科科技,SH,沪市主板
601788,光大证券,SH,沪市主板
601789,宁波建工,SH,沪市主板
601798,蓝科高新,SH,沪市主板
601799,星宇股份,SH,沪市主板
601800,中国交建,SH,沪市主板
601801,皖新传媒,SH,沪市主板
601808,中海油服,SH,沪市主板
601811,新华文轩,SH,沪市主板
601816,京沪高铁,SH,沪市主板
601818,光大银行,SH,沪市主板
601825,沪农商行,SH,沪市主板
601827,三峰环境,SH,沪市主板
601828,美凯龙,SH,沪市主板
601838,成都银行,SH,沪市主板
601857,中国石油,SH,沪市主板
601858,中国科传,SH,沪市主板
601860,紫金银行,SH,沪市主板
601865,福莱特,SH,沪市主板
601866,中远海发,SH,沪市主板
601868,中国能建,SH,沪市主板
601869,长飞光纤,SH,沪市主板
601872,招商轮船,SH,沪市主板
601877,正泰电器,SH,沪市主板
601878,浙商证券,SH,沪市主板
601880,辽港股份,SH,沪市主板
601881,中国银河,SH,沪市主板
601882,海天精工,SH,沪市主板
601886,江河集团,SH,沪市主板
601888,中国中免,SH,沪市主板
601890,亚星锚链,SH,沪市主板
601898,中煤能源,SH,沪市主板
601899,紫金矿业,SH,沪市主板
601900,南方传媒,SH,沪市主板
601901,方正证券,SH,沪市主板
601908,京运通,SH,沪市主板
601916,浙商银行,SH,沪市主板
601918,新集能源,SH,沪市主板
601919,中远海控,SH,沪市主板
601921,浙版传媒,SH,沪市主板
601928,凤凰传媒,SH,沪市主板
601929,吉视传媒,SH,沪市主板
601933,永辉超市,SH,沪市主板
601939,建设银行,SH,沪市主板
601949,中国出版,SH,沪市主板
601952,苏垦农发,SH,沪市主板
601956,东贝集团,SH,沪市主板
601958,金钼股份,SH,沪市主板
601963,重庆银行,SH,沪市主板
601965,中国汽研,SH,沪市主板
601966,玲珑轮胎,SH,沪市主板
601968,宝钢包装,SH,沪市主板
601969,海南矿业,SH,沪市主板
601975,招商南油,SH,沪市主板
601985,中国核电,SH,沪市主板
601988,中国银行,SH,沪市主板
601990,南京证券,SH,沪市主板
601991,大唐发电,SH,沪市主板
601992,金隅集团,SH,沪市主板
601995,中金公司,SH,沪市主板
601996,丰林集团,SH,沪市主板
601997,贵阳银行,SH,沪市主板
601998,中信银行,SH,沪市主板
601999,出版传媒,SH,沪市主板
603000,人民网,SH,沪市主板
603001,奥康国际,SH,沪市主板
603002,宏昌电子,SH,沪市主板
603005,晶方科技,SH,沪市主板
603006,联明股份,SH,沪市主板
603007,顺景科技,SH,沪市主板
603009,北特科技,SH,沪市主板
603010,万盛股份,SH,沪市主板
603011,合锻智能,SH,沪市主板
603012,创力集团,SH,沪市主板
603013,亚普股份,SH,沪市主板
603015,弘讯科技,SH,沪市主板
603016,新宏泰,SH,沪市主板
603017,中衡设计,SH,沪市主板
603018,华设集团,SH,沪市主板
603019,中科曙光,SH,沪市主板
603020,爱普股份,SH,沪市主板
603022,新通联,SH,沪市主板
603023,威帝股份,SH,沪市主板
603025,大豪科技,SH,沪市主板
603026,石大胜华,SH,沪市主板
603027,千禾味业,SH,沪市主板
603028,赛福天,SH,沪市主板
603029,天鹅股份,SH,沪市主板
603030,全筑股份,SH,沪市主板
603031,安孚科技,SH,沪市主板
603032,德新科技,SH,沪市主板
603033,三维股份,SH,沪市主板
603035,常熟汽饰,SH,沪市主板
603036,如通股份,SH,沪市主板
603037,凯众股份,SH,沪市主板
603038,华立股份,SH,沪市主板
603039,泛微网络,SH,沪市主板
603040,新坐标,SH,沪市主板
603041,美思德,SH,沪市主板
603042,华脉科技,SH,沪市主板
603043,广州酒家,SH,沪市主板
603045,福达合金,SH,沪市主板
603048,浙江黎明,SH,沪市主板
603050,科林电气,SH,沪市主板
603051,鹿山新材,SH,沪市主板
603053,成都燃气,SH,沪市主板
603055,台华新材,SH,沪市主板
603056,德邦股份,SH,沪市主板
603058,永吉股份,SH,沪市主板
603059,倍加洁,SH,沪市主板
603060,国检集团,SH,沪市主板
603063,禾望电气,SH,沪市主板
603066,音飞储存,SH,沪市主板
603067,振华股份,SH,沪市主板
603068,博通集成,SH,沪市主板
603069,海汽集团,SH,沪市主板
603070,万控智造,SH,沪市主板
603071,物产环能,SH,沪市主板
603076,乐惠国际,SH,沪市主板
603077,和邦生物,SH,沪市主板
603078,江化微,SH,沪市主板
603079,圣达生物,SH,沪市主板
603080,新疆火炬,SH,沪市主板
603081,大丰实业,SH,沪市主板
603083,剑桥科技,SH,沪市主板
603085,天成自控,SH,沪市主板
603086,先达股份,SH,沪市主板
603087,甘李药业,SH,沪市主板
603088,宁波精达,SH,沪市主板
603089,正裕工业,SH,沪市主板
603090,宏盛股份,SH,沪市主板
603093,南华期货,SH,沪市主板
603095,越剑智能,SH,沪市主板
603096,新经典,SH,沪市主板
603098,森特股份,SH,沪市主板
603099,长白山,SH,沪市主板
603100,川仪股份,SH,沪市主板
603101,汇嘉时代,SH,沪市主板
603102,百合股份,SH,沪市主板
603103,横店影视,SH,沪市主板
603105,芯能科技,SH,沪市主板
603106,恒银科技,SH,沪市主板
603108,润达医疗,SH,沪市主板
603109,神驰机电,SH,沪市主板
603110,东方材料,SH,沪市主板
603111,康尼机电,SH,沪市主板
603112,华翔股份,SH,沪市主板
603113,金能科技,SH,沪市主板
603115,海星股份,SH,沪市主板
603116,红蜻蜓,SH,沪市主板
603117,万林物流,SH,沪市主板
603118,共进股份,SH,沪市主板
603121,华培动力,SH,沪市主板
603122,合富中国,SH,沪市主板
603123,翠微股份,SH,沪市主板
603126,中材节能,SH,沪市主板
603127,昭衍新药,SH,沪市主板
603128,华贸物流,SH,沪市主板
603129,春风动力,SH,沪市主板
603131,上海沪工,SH,沪市主板
603132,金徽股份,SH,沪市主板
603136,天目湖,SH,沪市主板
603138,海量数据,SH,沪市主板
603139,康惠股份,SH,沪市主板
603150,万朗磁塑,SH,沪市主板
603155,新亚强,SH,沪市主板
603156,养元饮品,SH,沪市主板
603158,腾龙股份,SH,沪市主板
603159,上海亚虹,SH,沪市主板
603160,汇顶科技,SH,沪市主板
603161,科华控股,SH,沪市主板
603165,荣晟环保,SH,沪市主板
603166,福达股份,SH,沪市主板
603167,渤海轮渡,SH,沪市主板
603168,莎普爱思,SH,沪市主板
603169,兰石重装,SH,沪市主板
603171,税友股份,SH,沪市主板
603176,汇通集团,SH,沪市主板
603177,德创环保,SH,沪市主板
603178,圣龙股份,SH,沪市主板
603179,新泉股份,SH,沪市主板
603180,金牌家居,SH,沪市主板
603181,皇马科技,SH,沪市主板
603183,建研院,SH,沪市主板
603185,弘元绿能,SH,沪市主板
603186,华正新材,SH,沪市主板
603187,海容冷链,SH,沪市主板
603188,亚邦股份,SH,沪市主板
603192,汇得科技,SH,沪市主板
603195,公牛集团,SH,沪市主板
603196,璞源材料,SH,沪市主板
603197,保隆科技,SH,沪市主板
603198,迎驾贡酒,SH,沪市主板
603199,九华旅游,SH,沪市主板
603200,上海洗霸,SH,沪市主板
603203,快克智能,SH,沪市主板
603208,江山欧派,SH,沪市主板
603209,兴通股份,SH,沪市主板
603212,赛伍技术,SH,沪市主板
603213,镇洋发展,SH,沪市主板
603214,爱婴室,SH,沪市主板
603215,比依股份,SH,沪市主板
603216,梦天家居,SH,沪市主板
603217,元利科技,SH,沪市主板
603218,日月股份,SH,沪市主板
603219,富佳股份,SH,沪市主板
603220,中贝通信,SH,沪市主板
603221,爱丽家居,SH,沪市主板
603222,济民健康,SH,沪市主板
603223,恒通股份,SH,沪市主板
603225,新凤鸣,SH,沪市主板
603226,菲林格尔,SH,沪市主板
603227,雪峰科技,SH,沪市主板
603228,景旺电子,SH,沪市主板
603229,奥翔药业,SH,沪市主板
603230,内蒙新华,SH,沪市主板
603232,格尔软件,SH,沪市主板
603233,大参林,SH,沪市主板
603236,移远通信,SH,沪市主板
603238,诺邦股份,SH,沪市主板
603239,浙江仙通,SH,沪市主板
603256,宏和科技,SH,沪市主板
603258,电魂网络,SH,沪市主板
603259,药明康德,SH,沪市主板
603260,合盛硅业,SH,沪市主板
603261,立航科技,SH,沪市主板
603266,天龙股份,SH,沪市主板
603267,鸿远电子,SH,沪市主板
603268,松发股份,SH,沪市主板
603269,海鸥股份,SH,沪市主板
603277,银都股份,SH,沪市主板
603278,大业股份,SH,沪市主板
603279,景津装备,SH,沪市主板
603283,赛腾股份,SH,沪市主板
603286,日盈电子,SH,沪市主板
603288,海天味业,SH,沪市主板
603289,泰瑞机器,SH,沪市主板
603290,斯达半导,SH,沪市主板
603297,永新光学,SH,沪市主板
603298,杭叉集团,SH,沪市主板
603299,苏盐井神,SH,沪市主板
603300,海南华铁,SH,沪市主板
603301,振德医疗,SH,沪市主板
603303,得邦照明,SH,沪市主板
603305,旭升集团,SH,沪市主板
603306,华懋科技,SH,沪市主板
603308,应流股份,SH,沪市主板
603309,维力医疗,SH,沪市主板
603311,金海高科,SH,沪市主板
603313,梦百合,SH,沪市主板
603315,福鞍股份,SH,沪市主板
603316,诚邦股份,SH,沪市主板
603317,天味食品,SH,沪市主板
603318,水发燃气,SH,沪市主板
603319,美湖股份,SH,沪市主板
603320,迪贝电气,SH,沪市主板
603321,梅轮电梯,SH,沪市主板
603322,超讯科技,SH,沪市主板
603323,苏农银行,SH,沪市主板
603324,盛剑科技,SH,沪市主板
603326,我乐家居,SH,沪市主板
603327,福蓉科技,SH,沪市主板
603328,依顿电子,SH,沪市主板
603329,上海雅仕,SH,沪市主板
603330,天洋新材,SH,沪市主板
603331,百达精工,SH,沪市主板
603332,苏州龙杰,SH,沪市主板
603333,福华尚纬,SH,沪市主板
603335,迪生力,SH,沪市主板
603336,宏辉果蔬,SH,沪市主板
603337,杰克科技,SH,沪市主板
603338,浙江鼎力,SH,沪市主板
603339,四方科技,SH,沪市主板
603345,安井食品,SH,沪市主板
603348,文灿股份,SH,沪市主板
603351,威尔药业,SH,沪市主板
603353,和顺石油,SH,沪市主板
603355,莱克电气,SH,沪市主板
603356,华菱精工,SH,沪市主板
603357,设计总院,SH,沪市主板
603358,华达科技,SH,沪市主板
603360,百傲化学,SH,沪市主板
603363,傲农生物,SH,沪市主板
603365,水星家纺,SH,沪市主板
603366,日出东方,SH,沪市主板
603367,辰欣药业,SH,沪市主板
603368,柳药集团,SH,沪市主板
603369,今世缘,SH,沪市主板
603379,三美股份,SH,沪市主板
603380,易德龙,SH,沪市主板
603383,顶点软件,SH,沪市主板
603385,惠达卫浴,SH,沪市主板
603386,骏亚科技,SH,沪市主板
603387,基蛋生物,SH,沪市主板
603389,亚振家居,SH,沪市主板
603390,通达电气,SH,沪市主板
603392,万泰生物,SH,沪市主板
603393,新天然气,SH,沪市主板
603396,金辰股份,SH,沪市主板
603399,永杉锂业,SH,沪市主板
603408,建霖家居,SH,沪市主板
603416,信捷电气,SH,沪市主板
603421,鼎信通讯,SH,沪市主板
603439,三力制药,SH,沪市主板
603444,吉比特,SH,沪市主板
603456,九洲药业,SH,沪市主板
603458,勘设股份,SH,沪市主板
603466,风语筑,SH,沪市主板
603477,巨星农牧,SH,沪市主板
603486,科沃斯,SH,沪市主板
603488,展鹏科技,SH,沪市主板
603489,八方股份,SH,沪市主板
603496,恒为科技,SH,沪市主板
603499,翔港科技,SH,沪市主板
603500,祥和实业,SH,沪市主板
603501,豪威集团,SH,沪市主板
603505,金石资源,SH,沪市主板
603506,南都物业,SH,沪市主板
603507,振江股份,SH,沪市主板
603508,思维列控,SH,沪市主板
603511,爱慕股份,SH,沪市主板
603515,欧普照明,SH,沪市主板
603516,淳中科技,SH,沪市主板
603518,锦泓集团,SH,沪市主板
603519,立霸股份,SH,沪市主板
603520,司太立,SH,沪市主板
603527,众源新材,SH,沪市主板
603528,多伦科技,SH,沪市主板
603529,爱玛科技,SH,沪市主板
603530,神马电力,SH,沪市主板
603533,掌阅科技,SH,沪市主板
603535,嘉诚国际,SH,沪市主板
603536,惠发食品,SH,沪市主板
603538,美诺华,SH,沪市主板
603551,奥普科技,SH,沪市主板
603556,海兴电力,SH,沪市主板
603558,健盛集团,SH,沪市主板
603559,中通国脉,SH,沪市主板
603565,中谷物流,SH,沪市主板
603566,普莱柯,SH,沪市主板
603567,珍宝岛,SH,沪市主板
603568,伟明环保,SH,沪市主板
603569,长久物流,SH,沪市主板
603577,汇金通,SH,沪市主板
603578,三星新材,SH,沪市主板
603579,荣泰健康,SH,沪市主板
603580,艾艾精工,SH,沪市主板
603583,捷昌驱动,SH,沪市主板
603585,苏利股份,SH,沪市主板
603586,金麒麟,SH,沪市主板
603587,地素时尚,SH,沪市主板
603588,高能环境,SH,沪市主板
603589,口子窖,SH,沪市主板
603590,康辰药业,SH,沪市主板
603596,伯特利,SH,沪市主板
603598,引力传媒,SH,沪市主板
603599,广信股份,SH,沪市主板
603600,永艺股份,SH,沪市主板
603601,再升科技,SH,沪市主板
603602,纵横通信,SH,沪市主板
603605,珀莱雅,SH,沪市主板
603606,东方电缆,SH,沪市主板
603607,京华激光,SH,沪市主板
603608,天创时尚,SH,沪市主板
603609,禾丰股份,SH,沪市主板
603610,麒盛科技,SH,沪市主板
603611,诺力股份,SH,沪市主板
603612,索通发展,SH,沪市主板
603613,国联股份,SH,沪市主板
603615,茶花股份,SH,沪市主板
603616,韩建河山,SH,沪市主板
603617,君禾股份,SH,沪市主板
603618,杭电股份,SH,沪市主板
603619,中曼石油,SH,沪市主板
603626,科森科技,SH,沪市主板
603628,清源股份,SH,沪市主板
603629,利通电子,SH,沪市主板
603630,拉芳家化,SH,沪市主板
603633,徕木股份,SH,沪市主板
603636,南威软件,SH,沪市主板
603637,镇海股份,SH,沪市主板
603638,艾迪精密,SH,沪市主板
603639,海利尔,SH,沪市主板
603648,畅联股份,SH,沪市主板
603650,彤程新材,SH,沪市主板
603655,朗博科技,SH,沪市主板
603656,泰禾智能,SH,沪市主板
603657,春光科技,SH,沪市主板
603658,安图生物,SH,沪市主板
603659,璞泰来,SH,沪市主板
603660,苏州科达,SH,沪市主板
603661,恒林股份,SH,沪市主板
603662,柯力传感,SH,沪市主板
603663,三祥新材,SH,沪市主板
603665,康隆达,SH,沪市主板
603666,亿嘉和,SH,沪市主板
603667,五洲新春,SH,沪市主板
603668,天马科技,SH,沪市主板
603669,灵康药业,SH,沪市主板
603676,卫信康,SH,沪市主板
603677,奇精机械,SH,沪市主板
603678,火炬电子,SH,沪市主板
603679,华体科技,SH,沪市主板
603680,今创集团,SH,沪市主板
603681,永冠新材,SH,沪市主板
603682,锦和商管,SH,沪市主板
603683,晶华新材,SH,沪市主板
603685,晨丰科技,SH,沪市主板
603686,福龙马,SH,沪市主板
603687,大胜达,SH,沪市主板
603688,石英股份,SH,沪市主板
603689,皖天然气,SH,沪市主板
603690,至纯科技,SH,沪市主板
603693,江苏新能,SH,沪市主板
603696,安记食品,SH,沪市主板
603697,有友食品,SH,沪市主板
603698,航天工程,SH,沪市主板
603699,纽威股份,SH,沪市主板
603700,宁水集团,SH,沪市主板
603701,德宏股份,SH,沪市主板
603703,盛洋科技,SH,沪市主板
603706,东方环宇,SH,沪市主板
603707,健友股份,SH,沪市主板
603708,家家悦,SH,沪市主板
603709,中源家居,SH,沪市主板
603711,香飘飘,SH,沪市主板
603712,七一二,SH,沪市主板
603713,密尔克卫,SH,沪市主板
603716,塞力医疗,SH,沪市主板
603717,天域生物,SH,沪市主板
603719,良品铺子,SH,沪市主板
603721,中广天择,SH,沪市主板
603722,阿科力,SH,沪市主板
603725,天安新材,SH,沪市主板
603726,朗迪集团,SH,沪市主板
603727,博迈科,SH,沪市主板
603728,鸣志电器,SH,沪市主板
603730,岱美股份,SH,沪市主板
603733,仙鹤股份,SH,沪市主板
603737,三棵树,SH,沪市主板
603738,泰晶科技,SH,沪市主板
603739,蔚蓝生物,SH,沪市主板
603755,日辰股份,SH,沪市主板
603757,大元泵业,SH,沪市主板
603758,秦安股份,SH,沪市主板
603759,海天股份,SH,沪市主板
603766,隆鑫通用,SH,沪市主板
603767,中马传动,SH,沪市主板
603768,常青股份,SH,沪市主板
603773,沃格光电,SH,沪市主板
603776,永安行,SH,沪市主板
603777,来伊份,SH,沪市主板
603778,国晟科技,SH,沪市主板
603779,威龙股份,SH,沪市主板
603786,科博达,SH,沪市主板
603787,新日股份,SH,沪市主板
603788,宁波高发,SH,沪市主板
603790,雅运股份,SH,沪市主板
603797,联泰环保,SH,沪市主板
603798,康普顿,SH,沪市主板
603799,华友钴业,SH,沪市主板
603800,洪田股份,SH,沪市主板
603801,志邦家居,SH,沪市主板
603803,瑞斯康达,SH,沪市主板
603806,福斯特,SH,沪市主板
603808,歌力思,SH,沪市主板
603809,豪能股份,SH,沪市主板
603810,丰山集团,SH,沪市主板
603811,诚意药业,SH,沪市主板
603813,原尚股份,SH,沪市主板
603815,交建股份,SH,沪市主板
603816,顾家家居,SH,沪市主板
603817,海峡环保,SH,沪市主板
603818,曲美家居,SH,沪市主板
603819,神力股份,SH,沪市主板
603823,百合花,SH,沪市主板
603826,坤彩科技,SH,沪市主板
603829,洛凯股份,SH,沪市主板
603833,欧派家居,SH,沪市主板
603836,海程邦达,SH,沪市主板
603839,安正时尚,SH,沪市主板
603848,好太太,SH,沪市主板
603855,华荣股份,SH,沪市主板
603856,东宏股份,SH,沪市主板
603858,步长制药,SH,沪市主板
603859,能科科技,SH,沪市主板
603860,中公高科,SH,沪市主板
603861,白云电器,SH,沪市主板
603863,松炀资源,SH,沪市主板
603866,桃李面包,SH,沪市主板
603867,新化股份,SH,沪市主板
603868,飞科电器,SH,沪市主板
603871,嘉友国际,SH,沪市主板
603876,鼎胜新材,SH,沪市主板
603877,太平鸟,SH,沪市主板
603878,武进不锈,SH,沪市主板
603879,永悦科技,SH,沪市主板
603880,南卫股份,SH,沪市主板
603881,数据港,SH,沪市主板
603882,金域医学,SH,沪市主板
603883,老百姓,SH,沪市主板
603885,吉祥航空,SH,沪市主板
603886,元祖股份,SH,沪市主板
603887,城地香江,SH,沪市主板
603888,新华网,SH,沪市主板
603889,新澳股份,SH,沪市主板
603890,春秋电子,SH,沪市主板
603893,瑞芯微,SH,沪市主板
603895,天永智能,SH,沪市主板
603896,寿仙谷,SH,沪市主板
603897,长城科技,SH,沪市主板
603898,好莱客,SH,沪市主板
603899,晨光股份,SH,沪市主板
603900,莱绅通灵,SH,沪市主板
603901,永创智能,SH,沪市主板
603903,中持股份,SH,沪市主板
603906,龙蟠科技,SH,沪市主板
603908,牧高笛,SH,沪市主板
603909,建发合诚,SH,沪市主板
603912,佳力图,SH,沪市主板
603915,国茂股份,SH,沪市主板
603916,苏博特,SH,沪市主板
603917,合力科技,SH,沪市主板
603918,金桥信息,SH,沪市主板
603919,金徽酒,SH,沪市主板
603920,世运电路,SH,沪市主板
603926,铁流股份,SH,沪市主板
603927,中科软,SH,沪市主板
603928,兴业股份,SH,沪市主板
603929,亚翔集成,SH,沪市主板
603931,格林达,SH,沪市主板
603933,睿能科技,SH,沪市主板
603936,博敏电子,SH,沪市主板
603937,丽岛新材,SH,沪市主板
603938,三孚股份,SH,沪市主板
603939,益丰药房,SH,沪市主板
603948,建业股份,SH,沪市主板
603949,雪龙集团,SH,沪市主板
603950,长源东谷,SH,沪市主板
603955,大千生态,SH,沪市主板
603956,威派格,SH,沪市主板
603958,哈森股份,SH,沪市主板
603960,克来机电,SH,沪市主板
603966,法兰泰克,SH,沪市主板
603967,中创物流,SH,沪市主板
603968,醋化股份,SH,沪市主板
603969,银龙股份,SH,沪市主板
603970,中农立华,SH,沪市主板
603976,正川股份,SH,沪市主板
603977,国泰集团,SH,沪市主板
603978,深圳新星,SH,沪市主板
603979,金诚信,SH,沪市主板
603980,吉华集团,SH,沪市主板
603982,泉峰汽车,SH,沪市主板
603983,丸美生物,SH,沪市主板
603985,恒润股份,SH,沪市主板
603986,兆易创新,SH,沪市主板
603987,康德莱,SH,沪市主板
603988,中电电机,SH,沪市主板
603989,艾华集团,SH,沪市主板
603990,麦迪科技,SH,沪市主板
603991,领先股份,SH,沪市主板
603992,松霖科技,SH,沪市主板
603993,洛阳钼业,SH,沪市主板
603995,甬金股份,SH,沪市主板
603997,继峰股份,SH,沪市主板
603998,方盛制药,SH,沪市主板
603999,读者传媒,SH,沪市主板
605001,威奥股份,SH,沪市主板
605003,众望布艺,SH,沪市主板
605005,合兴股份,SH,沪市主板
605006,山东玻纤,SH,沪市主板
605007,五洲特纸,SH,沪市主板
605008,长鸿高科,SH,沪市主板
605009,豪悦护理,SH,沪市主板
605011,杭州热电,SH,沪市主板
605016,百龙创园,SH,沪市主板
605018,长华集团,SH,沪市主板
605020,永和股份,SH,沪市主板
605028,世茂能源,SH,沪市主板
605033,美邦股份,SH,沪市主板
605050,福然德,SH,沪市主板
605055,迎丰股份,SH,沪市主板
605056,咸亨国际,SH,沪市主板
605058,澳弘电子,SH,沪市主板
605060,联德股份,SH,沪市主板
605066,天正电气,SH,沪市主板
605068,明新旭腾,SH,沪市主板
605069,正和生态,SH,沪市主板
605077,华康股份,SH,沪市主板
605080,浙江自然,SH,沪市主板
605081,退市太和,SH,沪市主板
605086,龙高股份,SH,沪市主板
605088,冠盛股份,SH,沪市主板
605089,味知香,SH,沪市主板
605090,九丰能源,SH,沪市主板
605098,行动教育,SH,沪市主板
605099,共创草坪,SH,沪市主板
605100,华丰股份,SH,沪市主板
605108,同庆楼,SH,沪市主板
605111,新洁能,SH,沪市主板
605116,奥锐特,SH,沪市主板
605117,德业股份,SH,沪市主板
605118,力鼎光电,SH,沪市主板
605122,四方新材,SH,沪市主板
605123,派克新材,SH,沪市主板
605128,上海沿浦,SH,沪市主板
605133,嵘泰股份,SH,沪市主板
605136,丽人丽妆,SH,沪市主板
605138,盛泰集团,SH,沪市主板
605151,西上海,SH,沪市主板
605155,西大门,SH,沪市主板
605158,华达新材,SH,沪市主板
605162,新中港,SH,沪市主板
605166,聚合顺,SH,沪市主板
605167,利柏特,SH,沪市主板
605168,三人行,SH,沪市主板
605169,洪通燃气,SH,沪市主板
605177,东亚药业,SH,沪市主板
605178,时空科技,SH,沪市主板
605179,一鸣食品,SH,沪市主板
605180,华生科技,SH,沪市主板
605183,确成股份,SH,沪市主板
605186,健麾信息,SH,沪市主板
605188,国光连锁,SH,沪市主板
605189,富春染织,SH,沪市主板
605196,华通线缆,SH,沪市主板
605198,安德利,SH,沪市主板
605208,永茂泰,SH,沪市主板
605218,伟时电子,SH,沪市主板
605222,起帆电缆,SH,沪市主板
605228,神通科技,SH,沪市主板
605255,天普股份,SH,沪市主板
605258,协和电子,SH,沪市主板
605259,绿田机械,SH,沪市主板
605266,健之佳,SH,沪市主板
605268,王力安防,SH,沪市主板
605277,新亚电子,SH,沪市主板
605286,同力天启,SH,沪市主板
605287,德才股份,SH,沪市主板
605288,凯迪股份,SH,沪市主板
605289,罗曼股份,SH,沪市主板
605296,神农集团,SH,沪市主板
605298,必得科技,SH,沪市主板
605299,舒华体育,SH,沪市主板
605300,佳禾食品,SH,沪市主板
605303,园林股份,SH,沪市主板
605305,中际联合,SH,沪市主板
605318,法狮龙,SH,沪市主板
605319,无锡振华,SH,沪市主板
605333,沪光股份,SH,沪市主板
605337,李子园,SH,沪市主板
605338,巴比食品,SH,沪市主板
605339,南侨食品,SH,沪市主板
605358,立昂微,SH,沪市主板
605365,立达信,SH,沪市主板
605366,宏柏新材,SH,沪市主板
605368,蓝天燃气,SH,沪市主板
605369,拱东医疗,SH,沪市主板
605376,博迁新材,SH,沪市主板
605377,华旺科技,SH,沪市主板
605378,野马电池,SH,沪市主板
605388,均瑶健康,SH,沪市主板
605389,长龄液压,SH,沪市主板
605398,新炬网络,SH,沪市主板
605399,晨光新材,SH,沪市主板
605488,福莱新材,SH,沪市主板
605499,东鹏饮料,SH,沪市主板
605500,森林包装,SH,沪市主板
605507,国邦医药,SH,沪市主板
605555,德昌股份,SH,沪市主板
605566,福莱蒽特,SH,沪市主板
605567,春雪食品,SH,沪市主板
605577,龙版传媒,SH,沪市主板
605580,恒盛能源,SH,沪市主板
605588,冠石科技,SH,沪市主板
605589,圣泉集团,SH,沪市主板
605598,上海港湾,SH,沪市主板
605599,菜百股份,SH,沪市主板
688001,华兴源创,SH,科创板
688002,睿创微纳,SH,科创板
688003,天准科技,SH,科创板
688004,博汇科技,SH,科创板
688005,容百科技,SH,科创板
688006,杭可科技,SH,科创板
688007,光峰科技,SH,科创板
688008,澜起科技,SH,科创板
688009,中国通号,SH,科创板
688010,福光股份,SH,科创板
688011,新光光电,SH,科创板
688012,中微公司,SH,科创板
688013,天臣医疗,SH,科创板
688015,交控科技,SH,科创板
688016,心脉医疗,SH,科创板
688017,绿的谐波,SH,科创板
688018,乐鑫科技,SH,科创板
688019,安集科技,SH,科创板
688020,方邦股份,SH,科创板
688021,奥福科技,SH,科创板
688023,安恒信息,SH,科创板
688025,杰普特,SH,科创板
688026,洁特生物,SH,科创板
688027,国盾量子,SH,科创板
688028,沃尔德,SH,科创板
688029,南微医学,SH,科创板
688030,山石网科,SH,科创板
688032,禾迈股份,SH,科创板
688036,传音控股,SH,科创板
688037,芯源微,SH,科创板
688038,中科通达,SH,科创板
688039,当虹科技,SH,科创板
688048,长光华芯,SH,科创板
688049,炬芯科技,SH,科创板
688050,爱博医疗,SH,科创板
688051,佳华科技,SH,科创板
688055,龙腾光电,SH,科创板
688056,莱伯泰科,SH,科创板
688057,金达莱,SH,科创板
688058,宝兰德,SH,科创板
688059,华锐精密,SH,科创板
688060,云涌科技,SH,科创板
688062,迈威生物,SH,科创板
688063,派能科技,SH,科创板
688065,凯赛生物,SH,科创板
688067,爱威科技,SH,科创板
688068,热景生物,SH,科创板
688069,德林海,SH,科创板
688070,纵横股份,SH,科创板
688071,华依科技,SH,科创板
688075,安旭生物,SH,科创板
688077,大地熊,SH,科创板
688078,龙软科技,SH,科创板
688079,美迪凯,SH,科创板
688080,映翰通,SH,科创板
688081,兴图新科,SH,科创板
688082,盛美上海,SH,科创板
688083,中望软件,SH,科创板
688085,三友医疗,SH,科创板
688087,英科再生,SH,科创板
688088,虹软科技,SH,科创板
688089,嘉必优,SH,科创板
688090,瑞松科技,SH,科创板
688091,上海谊众,SH,科创板
688092,爱科科技,SH,科创板
688093,世华科技,SH,科创板
688095,福昕软件,SH,科创板
688096,京源环保,SH,科创板
688097,博众精工,SH,科创板
688098,申联生物,SH,科创板
688099,晶晨股份,SH,科创板
688100,威胜信息,SH,科创板
688101,三达膜,SH,科创板
688102,斯瑞新材,SH,科创板
688103,国力电子,SH,科创板
688105,诺唯赞,SH,科创板
688106,金宏气体,SH,科创板
688107,安路科技,SH,科创板
688108,赛诺医疗,SH,科创板
688109,品茗科技,SH,科创板
688110,东芯股份,SH,科创板
688111,金山办公,SH,科创板
688112,鼎阳科技,SH,科创板
688113,联测科技,SH,科创板
688115,思林杰,SH,科创板
688116,天奈科技,SH,科创板
688117,圣诺生物,SH,科创板
688118,普元信息,SH,科创板
688121,卓然股份,SH,科创板
688122,西部超导,SH,科创板
688123,聚辰股份,SH,科创板
688126,沪硅产业,SH,科创板
688127,蓝特光学,SH,科创板
688128,中国电研,SH,科创板
688129,东来技术,SH,科创板
688131,皓元医药,SH,科创板
688133,泰坦科技,SH,科创板
688135,利扬芯片,SH,科创板
688136,科兴制药,SH,科创板
688138,清溢光电,SH,科创板
688139,海尔生物,SH,科创板
688148,芳源股份,SH,科创板
688150,莱特光电,SH,科创板
688151,华强科技,SH,科创板
688155,先惠技术,SH,科创板
688156,路德科技,SH,科创板
688157,松井股份,SH,科创板
688158,优刻得,SH,科创板
688159,有方科技,SH,科创板
688160,步科股份,SH,科创板
688161,威高骨科,SH,科创板
688162,巨一科技,SH,科创板
688163,赛伦生物,SH,科创板
688165,埃夫特,SH,科创板
688166,博瑞医药,SH,科创板
688167,炬光科技,SH,科创板
688168,安博通,SH,科创板
688169,石头科技,SH,科创板
688171,纬德信息,SH,科创板
688173,希荻微,SH,科创板
688175,高凌信息,SH,科创板
688176,亚虹医药,SH,科创板
688177,百奥泰,SH,科创板
688178,万德斯,SH,科创板
688179,阿拉丁,SH,科创板
688180,君实生物,SH,科创板
688181,八亿时空,SH,科创板
688182,灿勤科技,SH,科创板
688183,生益电子,SH,科创板
688185,康希诺,SH,科创板
688186,广大特材,SH,科创板
688187,时代电气,SH,科创板
688188,柏楚电子,SH,科创板
688190,云路股份,SH,科创板
688191,智洋创新,SH,科创板
688192,迪哲医药,SH,科创板
688193,仁度生物,SH,科创板
688195,腾景科技,SH,科创板
688196,卓越新能,SH,科创板
688197,首药控股,SH,科创板
688198,佰仁医疗,SH,科创板
688199,久日新材,SH,科创板
688200,华峰测控,SH,科创板
688202,美迪西,SH,科创板
688206,概伦电子,SH,科创板
688207,格灵深瞳,SH,科创板
688208,道通科技,SH,科创板
688210,统联精密,SH,科创板
688211,中科微至,SH,科创板
688212,澳华内镜,SH,科创板
688215,瑞晟智能,SH,科创板
688216,气派科技,SH,科创板
688217,睿昂基因,SH,科创板
688218,江苏北人,SH,科创板
688219,会通股份,SH,科创板
688220,翱捷科技,SH,科创板
688221,前沿生物,SH,科创板
688222,成都先导,SH,科创板
688223,晶科能源,SH,科创板
688225,亚信安全,SH,科创板
688226,威腾电气,SH,科创板
688227,品高股份,SH,科创板
688228,开普云,SH,科创板
688229,博睿数据,SH,科创板
688230,芯导科技,SH,科创板
688232,新点软件,SH,科创板
688233,神工股份,SH,科创板
688234,天岳先进,SH,科创板
688235,百济神州,SH,科创板
688236,春立医疗,SH,科创板
688238,和元生物,SH,科创板
688239,航宇科技,SH,科创板
688246,嘉和美康,SH,科创板
688248,南网科技,SH,科创板
688255,凯尔达,SH,科创板
688256,寒武纪,SH,科创板
688257,新锐股份,SH,科创板
688258,卓易信息,SH,科创板
688259,创耀科技,SH,科创板
688260,昀冢科技,SH,科创板
688261,东微半导,SH,科创板
688262,国芯科技,SH,科创板
688265,南模生物,SH,科创板
688266,泽?制药,SH,科创板
688267,中触媒,SH,科创板
688268,华特气体,SH,科创板
688269,凯立新材,SH,科创板
688272,富吉瑞,SH,科创板
688276,百克生物,SH,科创板
688277,天智航,SH,科创板
688278,特宝生物,SH,科创板
688280,精进电动,SH,科创板
688281,华秦科技,SH,科创板
688282,理工导航,SH,科创板
688283,坤恒顺维,SH,科创板
688285,高铁电气,SH,科创板
688286,敏芯股份,SH,科创板
688288,鸿泉技术,SH,科创板
688289,圣湘生物,SH,科创板
688295,中复神鹰,SH,科创板
688296,和达科技,SH,科创板
688298,东方生物,SH,科创板
688299,长阳科技,SH,科创板
688300,联瑞新材,SH,科创板
688301,奕瑞科技,SH,科创板
688303,大全能源,SH,科创板
688305,科德数控,SH,科创板
688306,均普智能,SH,科创板
688308,欧科亿,SH,科创板
688309,恒誉环保,SH,科创板
688310,迈得医疗,SH,科创板
688311,盟升电子,SH,科创板
688312,燕麦科技,SH,科创板
688313,仕佳光子,SH,科创板
688314,康拓医疗,SH,科创板
688315,诺禾致源,SH,科创板
688316,青云科技,SH,科创板
688317,之江生物,SH,科创板
688318,财富趋势,SH,科创板
688319,欧林生物,SH,科创板
688321,微芯生物,SH,科创板
688323,瑞华泰,SH,科创板
688328,深科达,SH,科创板
688329,艾隆科技,SH,科创板
688330,宏力达,SH,科创板
688331,荣昌生物,SH,科创板
688333,铂力特,SH,科创板
688335,复洁科技,SH,科创板
688336,三生国健,SH,科创板
688337,普源精电,SH,科创板
688338,赛科希德,SH,科创板
688339,亿华通,SH,科创板
688345,博力威,SH,科创板
688350,富淼科技,SH,科创板
688355,明志科技,SH,科创板
688356,键凯科技,SH,科创板
688357,建龙微纳,SH,科创板
688358,祥生医疗,SH,科创板
688359,三孚新科,SH,科创板
688360,德马科技,SH,科创板
688363,华熙生物,SH,科创板
688365,光云科技,SH,科创板
688366,昊海生科,SH,科创板
688367,工大高科,SH,科创板
688368,晶丰明源,SH,科创板
688369,致远互联,SH,科创板
688377,迪威尔,SH,科创板
688378,奥来德,SH,科创板
688379,华光新材,SH,科创板
688383,新益昌,SH,科创板
688385,复旦微电,SH,科创板
688386,泛亚微透,SH,科创板
688388,嘉元科技,SH,科创板
688389,普门科技,SH,科创板
688390,固德威,SH,科创板
688393,安必平,SH,科创板
688395,正弦电气,SH,科创板
688396,华润微,SH,科创板
688398,赛特新材,SH,科创板
688399,硕世生物,SH,科创板
688408,中信博,SH,科创板
688418,震有科技,SH,科创板
688425,铁建重工,SH,科创板
688456,有研粉材,SH,科创板
688466,金科环境,SH,科创板
688468,科美诊断,SH,科创板
688488,艾迪药业,SH,科创板
688499,利元亨,SH,科创板
688500,慧辰股份,SH,科创板
688501,青达环保,SH,科创板
688505,复旦张江,SH,科创板
688508,芯朋微,SH,科创板
688509,正元地信,SH,科创板
688510,航亚科技,SH,科创板
688511,天微电子,SH,科创板
688513,苑东生物,SH,科创板
688516,奥特维,SH,科创板
688517,金冠电气,SH,科创板
688518,联赢激光,SH,科创板
688519,南亚新材,SH,科创板
688520,神州细胞,SH,科创板
688521,芯原股份,SH,科创板
688526,科前生物,SH,科创板
688528,秦川物联,SH,科创板
688529,豪森智能,SH,科创板
688533,上声电子,SH,科创板
688536,思瑞浦,SH,科创板
688538,和辉光电,SH,科创板
688550,瑞联新材,SH,科创板
688551,科威尔,SH,科创板
688553,汇宇制药,SH,科创板
688556,高测股份,SH,科创板
688557,兰剑智能,SH,科创板
688558,国盛智科,SH,科创板
688559,海目星,SH,科创板
688560,明冠新材,SH,科创板
688561,奇安信,SH,科创板
688565,力源科技,SH,科创板
688566,吉贝尔,SH,科创板
688567,孚能科技,SH,科创板
688568,中科星图,SH,科创板
688569,铁科轨道,SH,科创板
688571,杭华股份,SH,科创板
688575,亚辉龙,SH,科创板
688577,浙海德曼,SH,科创板
688578,艾力斯,SH,科创板
688579,地纬智能,SH,科创板
688580,伟思医疗,SH,科创板
688585,上纬新材,SH,科创板
688586,江航装备,SH,科创板
688588,凌志软件,SH,科创板
688589,力合微,SH,科创板
688590,新致软件,SH,科创板
688595,芯海科技,SH,科创板
688596,正帆科技,SH,科创板
688597,煜邦电力,SH,科创板
688598,金博股份,SH,科创板
688599,天合光能,SH,科创板
688600,皖仪科技,SH,科创板
688601,力芯微,SH,科创板
688606,奥泰生物,SH,科创板
688607,康众医疗,SH,科创板
688608,恒玄科技,SH,科创板
688609,九联科技,SH,科创板
688611,杭州柯林,SH,科创板
688613,奥精医疗,SH,科创板
688616,西力科技,SH,科创板
688617,惠泰医疗,SH,科创板
688618,三旺通信,SH,科创板
688619,罗普特,SH,科创板
688621,阳光诺和,SH,科创板
688625,呈和科技,SH,科创板
688626,翔宇医疗,SH,科创板
688628,优利德,SH,科创板
688630,芯?微装,SH,科创板
688633,星球石墨,SH,科创板
688636,智明达,SH,科创板
688639,华恒生物,SH,科创板
688655,迅捷兴,SH,科创板
688656,浩欧博,SH,科创板
688658,悦康药业,SH,科创板
688659,元琛科技,SH,科创板
688660,电气风电,SH,科创板
688661,和林微纳,SH,科创板
688662,富信科技,SH,科创板
688663,新风光,SH,科创板
688665,四方光电,SH,科创板
688667,菱电电控,SH,科创板
688668,鼎通科技,SH,科创板
688669,聚石化学,SH,科创板
688670,金迪克,SH,科创板
688676,金盘科技,SH,科创板
688677,海泰新光,SH,科创板
688678,福立旺,SH,科创板
688679,通源环境,SH,科创板
688680,海优新材,SH,科创板
688681,科汇股份,SH,科创板
688682,霍莱沃,SH,科创板
688683,莱尔科技,SH,科创板
688685,迈信林,SH,科创板
688686,奥普特,SH,科创板
688687,凯因科技,SH,科创板
688689,银河微电,SH,科创板
688690,纳微科技,SH,科创板
688696,极米科技,SH,科创板
688697,纽威数控,SH,科创板
688698,伟创电气,SH,科创板
688699,明微电子,SH,科创板
688700,东威科技,SH,科创板
688701,卓锦股份,SH,科创板
688707,振华新材,SH,科创板
688711,宏微科技,SH,科创板
688718,唯赛勃,SH,科创板
688722,同益中,SH,科创板
688728,格科微,SH,科创板
688733,壹石通,SH,科创板
688737,中自科技,SH,科创板
688739,成大生物,SH,科创板
688766,普冉股份,SH,科创板
688767,博拓生物,SH,科创板
688768,容知日新,SH,科创板
688772,珠海冠宇,SH,科创板
688776,国光电气,SH,科创板
688777,中控技术,SH,科创板
688778,厦钨新能,SH,科创板
688779,五矿新能,SH,科创板
688786,悦安新材,SH,科创板
688787,海天瑞声,SH,科创板
688788,科思科技,SH,科创板
688789,宏华数科,SH,科创板
688793,倍轻松,SH,科创板
688798,艾为电子,SH,科创板
688799,华纳药厂,SH,科创板
688800,瑞可达,SH,科创板
688819,天能股份,SH,科创板
688981,中芯国际,SH,科创板
689009,九号公司,SH,沪市主板
